-- phpMyAdmin SQL Dump
-- version 5.0.2
-- https://www.phpmyadmin.net/
--
-- Host: 127.0.0.1
-- Generation Time: Sep 08, 2021 at 05:48 PM
-- Server version: 10.4.11-MariaDB
-- PHP Version: 7.4.4

SET SQL_MODE = "NO_AUTO_VALUE_ON_ZERO";
START TRANSACTION;
SET time_zone = "+00:00";


/*!40101 SET @OLD_CHARACTER_SET_CLIENT=@@CHARACTER_SET_CLIENT */;
/*!40101 SET @OLD_CHARACTER_SET_RESULTS=@@CHARACTER_SET_RESULTS */;
/*!40101 SET @OLD_COLLATION_CONNECTION=@@COLLATION_CONNECTION */;
/*!40101 SET NAMES utf8mb4 */;

--
-- Database: `elang`
--

-- --------------------------------------------------------

--
-- Table structure for table `tb_admin`
--

CREATE TABLE `tb_admin` (
  `user` varchar(16) NOT NULL,
  `pass` varchar(16) DEFAULT NULL,
  `level` varchar(55) DEFAULT NULL
) ENGINE=InnoDB DEFAULT CHARSET=latin1;

--
-- Dumping data for table `tb_admin`
--

INSERT INTO `tb_admin` (`user`, `pass`, `level`) VALUES
('Agus', 'admin', 'admin'),
('pemilik', 'pemilik', 'pemilik');

-- --------------------------------------------------------

--
-- Table structure for table `tb_atribut`
--

CREATE TABLE `tb_atribut` (
  `id_atribut` varchar(16) NOT NULL,
  `nama_atribut` varchar(255) DEFAULT NULL,
  `keterangan` varchar(255) DEFAULT NULL
) ENGINE=MyISAM DEFAULT CHARSET=latin1;

--
-- Dumping data for table `tb_atribut`
--

INSERT INTO `tb_atribut` (`id_atribut`, `nama_atribut`, `keterangan`) VALUES
('A01', 'Jumlah', ''),
('A02', 'Volume', ''),
('A03', 'Harga', ''),
('A04', 'Jenis Barang', ''),
('A05', 'Label', '');

-- --------------------------------------------------------

--
-- Table structure for table `tb_barang`
--

CREATE TABLE `tb_barang` (
  `id_barang` varchar(45) NOT NULL,
  `nama_barang` varchar(255) DEFAULT NULL,
  `jenis_barang` varchar(55) DEFAULT NULL,
  `panjang` double DEFAULT NULL,
  `lebar` double DEFAULT NULL,
  `tinggi` double DEFAULT NULL,
  `volume` double DEFAULT NULL,
  `harga_meter` double DEFAULT NULL,
  `harga_barang` double DEFAULT NULL,
  `stok` int(11) DEFAULT NULL
) ENGINE=InnoDB DEFAULT CHARSET=latin1;

--
-- Dumping data for table `tb_barang`
--

INSERT INTO `tb_barang` (`id_barang`, `nama_barang`, `jenis_barang`, `panjang`, `lebar`, `tinggi`, `volume`, `harga_meter`, `harga_barang`, `stok`) VALUES
('B00001', 'Merbau Oven 500 x 3 x 35', 'Papan', 500, 3, 35, 0.0525, 15000000, 787500, 300),
('B00002', 'Samarinda Oven 400 x 4 x 20', 'Papan', 400, 4, 20, 0.032, 10000000, 320000, 400),
('B00004', 'Bangkirai 400 x 3 x 20', 'Papan', 400, 3, 20, 0.024, 444000, 10656, 200),
('B00005', 'Bangkirai 400 x 6 x 15', 'Balok', 400, 6, 15, 0.036, 630000, 22680, 100),
('B00006', 'Bangkirai 400 x 8 x 15', 'Balken', 400, 8, 15, 0.048, 864000, 41472, 100),
('B00007', 'Merbau Oven 500 x 3 x 35', 'Papan', 500, 3, 35, 0.0525, 630000, 33075, 100),
('B00008', 'Bangkirai 500 x 6 x 15', 'Balok', 500, 6, 15, 0.045, 796500, 35842.5, 20),
('B00009', 'Merbau Oven 250 x 6 x 15', 'Balok', 250, 6, 15, 0.0225, 508500, 11441.25, 100),
('B00010', 'Merbau Oven 300 x 4 x 30', 'Papan', 300, 4, 30, 0.036, 903600, 32529.6, 43),
('B00011', 'Merbau Oven 300 x 6 x 17', 'Balok', 300, 6, 17, 0.0306, 691500, 21159.899999999998, 25),
('B00012', 'Merbau Oven 400 x 3 x 20', 'Papan', 400, 3, 20, 0.024, 571200, 13708.800000000001, 100),
('B00013', 'Merbau Oven 400 x 3 x 30', 'Papan', 400, 3, 30, 0.036, 878400, 31622.399999999998, 100),
('B00014', 'Merbau Oven 400 x 4 x 12', 'Papan', 400, 4, 12, 0.0192, 453000, 8697.599999999999, 100),
('B00015', 'Merbau Oven 400 x 4 x 30', 'Papan', 400, 4, 30, 0.048, 118300, 5678.400000000001, 100),
('B00016', 'Merbau Oven 400 x 5 x 20', 'Balken', 400, 5, 20, 0.04, 988000, 39520, 50),
('B00017', 'Merbau Oven 400 x 5 x 30', 'Balken', 400, 5, 30, 0.06, 1464000, 87840, 60),
('B00018', 'Merbau Oven 400 x 6 x 12', 'Balok', 400, 6, 12, 0.0288, 651000, 18748.8, 45),
('B00019', 'Merbau Oven 400 x 6 x 17', 'Balok', 400, 6, 17, 0.0408, 922000, 37617.600000000006, 75),
('B00020', 'Merbau Oven 450 x 3 x 25', 'Papan', 450, 3, 25, 0.03375, 824720, 27834.300000000003, 70),
('B00021', 'Merbau Oven 450 x 6 x 15', 'Balok', 450, 6, 15, 0.0405, 834300, 33789.15, 50),
('B00022', 'Merbau Oven 500 x 3 x 25', 'Papan', 500, 3, 25, 0.0375, 941250, 35296.875, 50),
('B00023', 'Merbau Oven 500 x 4 x 25', 'Papan', 500, 4, 25, 0.05, 1220000, 61000, 40),
('B00024', 'Merbau Oven 500 x 4 x 30', 'Papan', 500, 4, 30, 0.06, 1494000, 89640, 65),
('B00025', 'Merbau Oven 500 x 4 x 35', 'Papan', 500, 4, 35, 0.07, 1722000, 120540.00000000001, 50),
('B00026', 'Merbau Oven 500 x 5 x 15', 'Balok', 500, 5, 15, 0.0375, 866250, 32484.375, 65),
('B00027', 'Merbau Oven 500 x 5 x 30', 'Balken', 500, 5, 30, 0.075, 1920000, 144000, 30),
('B00028', 'Merbau Oven 500 x 6 x 12', 'Balok', 500, 6, 12, 0.036, 813600, 29289.6, 30),
('B00029', 'Merbau Oven 500 x 8 x 15', 'Balken', 500, 8, 15, 0.06, 1386000, 83160, 20),
('B00030', 'Merbau Oven 260 x 4 x 20', 'Papan', 260, 4, 20, 0.0208, 474240, 9864.192, 20),
('B00031', 'Merbau Oven 240 x 4 x 20', 'Papan', 240, 4, 20, 0.0192, 456960, 8773.632, 15),
('B00032', 'SB Basah 400 x 5 x 7', 'Kaso', 400, 5, 7, 0.014, 116200, 1626.8, 10),
('B00033', 'Merbau Oven 500 x 3 x 35', 'Papan', 500, 3, 35, 0.0525, 630000, 33075, 40);

-- --------------------------------------------------------

--
-- Table structure for table `tb_dataset`
--

CREATE TABLE `tb_dataset` (
  `id_dataset` int(11) NOT NULL,
  `nomor` int(11) DEFAULT NULL,
  `ket_dataset` varchar(255) DEFAULT NULL,
  `id_atribut` varchar(16) DEFAULT NULL,
  `id_nilai` double DEFAULT NULL
) ENGINE=MyISAM DEFAULT CHARSET=latin1;

--
-- Dumping data for table `tb_dataset`
--

INSERT INTO `tb_dataset` (`id_dataset`, `nomor`, `ket_dataset`, `id_atribut`, `id_nilai`) VALUES
(1, 1, 'Merbau Oven 500 x 3 x 35', 'A01', 4),
(2, 1, 'Merbau Oven 500 x 3 x 35', 'A02', 0.21),
(3, 1, 'Merbau Oven 500 x 3 x 35', 'A03', 1365000),
(4, 1, 'Merbau Oven 500 x 3 x 35', 'A04', 3),
(5, 1, 'Merbau Oven 500 x 3 x 35', 'A05', 5),
(6, 2, 'Samarinda Oven 400 x 4 x 20', 'A01', 2),
(7, 2, 'Samarinda Oven 400 x 4 x 20', 'A02', 0.064),
(8, 2, 'Samarinda Oven 400 x 4 x 20', 'A03', 350400),
(9, 2, 'Samarinda Oven 400 x 4 x 20', 'A04', 3),
(10, 2, 'Samarinda Oven 400 x 4 x 20', 'A05', 7),
(11, 3, 'Samarinda Oven 400 x 4 x 30', 'A01', 3),
(12, 3, 'Samarinda Oven 400 x 4 x 30', 'A02', 0.144),
(13, 3, 'Samarinda Oven 400 x 4 x 30', 'A03', 540000),
(14, 3, 'Samarinda Oven 400 x 4 x 30', 'A04', 3),
(15, 3, 'Samarinda Oven 400 x 4 x 30', 'A05', 7),
(16, 4, 'Samarinda Oven 400 x 6 x 12', 'A01', 2),
(17, 4, 'Samarinda Oven 400 x 6 x 12', 'A02', 0.0576),
(18, 4, 'Samarinda Oven 400 x 6 x 12', 'A03', 300960),
(19, 4, 'Samarinda Oven 400 x 6 x 12', 'A04', 2),
(20, 4, 'Samarinda Oven 400 x 6 x 12', 'A05', 7),
(21, 5, 'Samarinda Oven 400 x 6 x 17', 'A01', 1),
(22, 5, 'Samarinda Oven 400 x 6 x 17', 'A02', 0.0408),
(23, 5, 'Samarinda Oven 400 x 6 x 17', 'A03', 442680),
(24, 5, 'Samarinda Oven 400 x 6 x 17', 'A04', 2),
(25, 5, 'Samarinda Oven 400 x 6 x 17', 'A05', 6),
(9346, 6, 'SO Merah 400 x 6 15', 'A01', 2),
(9347, 6, 'SO Merah 400 x 6 15', 'A02', 0.072),
(9348, 6, 'SO Merah 400 x 6 15', 'A03', 331200),
(9349, 6, 'SO Merah 400 x 6 15', 'A04', 2),
(9350, 6, 'SO Merah 400 x 6 15', 'A05', 5),
(9351, 7, 'Samarinda Oven 400 x 3 x 25', 'A01', 1),
(9352, 7, 'Samarinda Oven 400 x 3 x 25', 'A02', 0.03),
(9353, 7, 'Samarinda Oven 400 x 3 x 25', 'A03', 324000),
(9354, 7, 'Samarinda Oven 400 x 3 x 25', 'A04', 3),
(9355, 7, 'Samarinda Oven 400 x 3 x 25', 'A05', 7),
(9356, 8, 'Samarinda Oven 400 x 3 x 30', 'A01', 1),
(9357, 8, 'Samarinda Oven 400 x 3 x 30', 'A02', 0.036),
(9358, 8, 'Samarinda Oven 400 x 3 x 30', 'A03', 396000),
(9359, 8, 'Samarinda Oven 400 x 3 x 30', 'A04', 3),
(9360, 8, 'Samarinda Oven 400 x 3 x 30', 'A05', 7),
(9361, 9, 'Samarinda Oven 400 x 4 x 20', 'A01', 2),
(9362, 9, 'Samarinda Oven 400 x 4 x 20', 'A02', 0.064),
(9363, 9, 'Samarinda Oven 400 x 4 x 20', 'A03', 342400),
(9364, 9, 'Samarinda Oven 400 x 4 x 20', 'A04', 3),
(9365, 9, 'Samarinda Oven 400 x 4 x 20', 'A05', 7),
(9366, 10, 'Samarinda Oven 500 x 4 x 25', 'A01', 1),
(9367, 10, 'Samarinda Oven 500 x 4 x 25', 'A02', 0.05),
(9368, 10, 'Samarinda Oven 500 x 4 x 25', 'A03', 540000),
(9369, 10, 'Samarinda Oven 500 x 4 x 25', 'A04', 3),
(9370, 10, 'Samarinda Oven 500 x 4 x 25', 'A05', 7),
(9371, 11, 'Merbau Basah 230 x 6 x 15', 'A01', 2),
(9372, 11, 'Merbau Basah 230 x 6 x 15', 'A02', 0.0414),
(9373, 11, 'Merbau Basah 230 x 6 x 15', 'A03', 457470),
(9374, 11, 'Merbau Basah 230 x 6 x 15', 'A04', 2),
(9375, 11, 'Merbau Basah 230 x 6 x 15', 'A05', 6),
(9376, 12, 'Merbau Oven 400 x 6 x 12', 'A01', 6),
(9377, 12, 'Merbau Oven 400 x 6 x 12', 'A02', 0.1728),
(9378, 12, 'Merbau Oven 400 x 6 x 12', 'A03', 650880),
(9379, 12, 'Merbau Oven 400 x 6 x 12', 'A04', 2),
(9380, 12, 'Merbau Oven 400 x 6 x 12', 'A05', 6),
(9381, 13, 'SO Merah 400 x 6 x 15', 'A01', 4),
(9382, 13, 'SO Merah 400 x 6 x 15', 'A02', 0.144),
(9383, 13, 'SO Merah 400 x 6 x 15', 'A03', 331200),
(9384, 13, 'SO Merah 400 x 6 x 15', 'A04', 2),
(9385, 13, 'SO Merah 400 x 6 x 15', 'A05', 5),
(9386, 14, 'Samarinda Oven 400 x 3 x 30', 'A01', 1),
(9387, 14, 'Samarinda Oven 400 x 3 x 30', 'A02', 0.036),
(9388, 14, 'Samarinda Oven 400 x 3 x 30', 'A03', 396000),
(9389, 14, 'Samarinda Oven 400 x 3 x 30', 'A04', 3),
(9390, 14, 'Samarinda Oven 400 x 3 x 30', 'A05', 7),
(9391, 15, 'Samarinda Oven 400 x 4 x 20', 'A01', 1),
(9392, 15, 'Samarinda Oven 400 x 4 x 20', 'A02', 0.032),
(9393, 15, 'Samarinda Oven 400 x 4 x 20', 'A03', 342400),
(9394, 15, 'Samarinda Oven 400 x 4 x 20', 'A04', 3),
(9395, 15, 'Samarinda Oven 400 x 4 x 20', 'A05', 7),
(9396, 16, 'Samarinda Oven 400 x 4 x 25', 'A01', 1),
(9397, 16, 'Samarinda Oven 400 x 4 x 25', 'A02', 0.04),
(9398, 16, 'Samarinda Oven 400 x 4 x 25', 'A03', 432000),
(9399, 16, 'Samarinda Oven 400 x 4 x 25', 'A04', 3),
(9400, 16, 'Samarinda Oven 400 x 4 x 25', 'A05', 7),
(9401, 17, 'Merbau Oven 400 x 5 x 15', 'A01', 1),
(9402, 17, 'Merbau Oven 400 x 5 x 15', 'A02', 0.03),
(9403, 17, 'Merbau Oven 400 x 5 x 15', 'A03', 693000),
(9404, 17, 'Merbau Oven 400 x 5 x 15', 'A04', 2),
(9405, 17, 'Merbau Oven 400 x 5 x 15', 'A05', 5),
(9406, 18, 'Merbau Oven 500 x 5 x 15', 'A01', 2),
(9407, 18, 'Merbau Oven 500 x 5 x 15', 'A02', 0.075),
(9408, 18, 'Merbau Oven 500 x 5 x 15', 'A03', 885000),
(9409, 18, 'Merbau Oven 500 x 5 x 15', 'A04', 2),
(9410, 18, 'Merbau Oven 500 x 5 x 15', 'A05', 6),
(9411, 19, 'Merbau Oven 400 x 4 x 15', 'A01', 2),
(9412, 19, 'Merbau Oven 400 x 4 x 15', 'A02', 0.048),
(9413, 19, 'Merbau Oven 400 x 4 x 15', 'A03', 566400),
(9414, 19, 'Merbau Oven 400 x 4 x 15', 'A04', 3),
(9415, 19, 'Merbau Oven 400 x 4 x 15', 'A05', 5),
(9416, 20, 'Samarinda Oven 400 x 4 x 25', 'A01', 6),
(9417, 20, 'Samarinda Oven 400 x 4 x 25', 'A02', 0.24),
(9418, 20, 'Samarinda Oven 400 x 4 x 25', 'A03', 432000),
(9419, 20, 'Samarinda Oven 400 x 4 x 25', 'A04', 3),
(9420, 20, 'Samarinda Oven 400 x 4 x 25', 'A05', 7),
(9421, 21, 'Merbau Oven 400 x 4 x 12', 'A01', 1),
(9422, 21, 'Merbau Oven 400 x 4 x 12', 'A02', 0.0192),
(9423, 21, 'Merbau Oven 400 x 4 x 12', 'A03', 453120),
(9424, 21, 'Merbau Oven 400 x 4 x 12', 'A04', 3),
(9425, 21, 'Merbau Oven 400 x 4 x 12', 'A05', 5),
(9426, 22, 'Merbau Oven 400 x 8 x 15', 'A01', 1),
(9427, 22, 'Merbau Oven 400 x 8 x 15', 'A02', 0.048),
(9428, 22, 'Merbau Oven 400 x 8 x 15', 'A03', 1108800),
(9429, 22, 'Merbau Oven 400 x 8 x 15', 'A04', 1),
(9430, 22, 'Merbau Oven 400 x 8 x 15', 'A05', 5),
(9431, 23, 'Merbau Basah 260 x 6 x 15', 'A01', 6),
(9432, 23, 'Merbau Basah 260 x 6 x 15', 'A02', 0.1404),
(9433, 23, 'Merbau Basah 260 x 6 x 15', 'A03', 517140),
(9434, 23, 'Merbau Basah 260 x 6 x 15', 'A04', 2),
(9435, 23, 'Merbau Basah 260 x 6 x 15', 'A05', 6),
(9436, 24, 'Merbau Basah 500 x 8 x 15', 'A01', 5),
(9437, 24, 'Merbau Basah 500 x 8 x 15', 'A02', 0.3),
(9438, 24, 'Merbau Basah 500 x 8 x 15', 'A03', 1392000),
(9439, 24, 'Merbau Basah 500 x 8 x 15', 'A04', 1),
(9440, 24, 'Merbau Basah 500 x 8 x 15', 'A05', 5),
(9441, 25, 'Merbau Basah 90 x 6 x 15', 'A01', 3),
(9442, 25, 'Merbau Basah 90 x 6 x 15', 'A02', 0.0243),
(9443, 25, 'Merbau Basah 90 x 6 x 15', 'A03', 167670),
(9444, 25, 'Merbau Basah 90 x 6 x 15', 'A04', 2),
(9445, 25, 'Merbau Basah 90 x 6 x 15', 'A05', 6),
(9446, 26, 'Samarinda Oven 500 x 6 x 17', 'A01', 1),
(9447, 26, 'Samarinda Oven 500 x 6 x 17', 'A02', 0.051),
(9448, 26, 'Samarinda Oven 500 x 6 x 17', 'A03', 581400),
(9449, 26, 'Samarinda Oven 500 x 6 x 17', 'A04', 2),
(9450, 26, 'Samarinda Oven 500 x 6 x 17', 'A05', 6),
(9451, 27, 'Samarinda Oven 400 x 5 x 20', 'A01', 1),
(9452, 27, 'Samarinda Oven 400 x 5 x 20', 'A02', 0.04),
(9453, 27, 'Samarinda Oven 400 x 5 x 20', 'A03', 440000),
(9454, 27, 'Samarinda Oven 400 x 5 x 20', 'A04', 1),
(9455, 27, 'Samarinda Oven 400 x 5 x 20', 'A05', 5),
(9456, 28, 'Samarinda Oven 400 x 5 x 30', 'A01', 4),
(9457, 28, 'Samarinda Oven 400 x 5 x 30', 'A02', 0.24),
(9458, 28, 'Samarinda Oven 400 x 5 x 30', 'A03', 672000),
(9459, 28, 'Samarinda Oven 400 x 5 x 30', 'A04', 1),
(9460, 28, 'Samarinda Oven 400 x 5 x 30', 'A05', 5),
(9461, 29, 'Samarinda Oven 400 x 3 x 20', 'A01', 1),
(9462, 29, 'Samarinda Oven 400 x 3 x 20', 'A02', 0.024),
(9463, 29, 'Samarinda Oven 400 x 3 x 20', 'A03', 256800),
(9464, 29, 'Samarinda Oven 400 x 3 x 20', 'A04', 3),
(9465, 29, 'Samarinda Oven 400 x 3 x 20', 'A05', 5),
(9466, 30, 'Merbau Oven 250 x 4 x 25', 'A01', 2),
(9467, 30, 'Merbau Oven 250 x 4 x 25', 'A02', 0.05),
(9468, 30, 'Merbau Oven 250 x 4 x 25', 'A03', 615000),
(9469, 30, 'Merbau Oven 250 x 4 x 25', 'A04', 3),
(9470, 30, 'Merbau Oven 250 x 4 x 25', 'A05', 6),
(9471, 31, 'Merbau Oven 300 x 4 x 25', 'A01', 3),
(9472, 31, 'Merbau Oven 300 x 4 x 25', 'A02', 0.09),
(9473, 31, 'Merbau Oven 300 x 4 x 25', 'A03', 738000),
(9474, 31, 'Merbau Oven 300 x 4 x 25', 'A04', 3),
(9475, 31, 'Merbau Oven 300 x 4 x 25', 'A05', 5),
(9476, 32, 'Merbau Oven 500 x 3 x 35', 'A01', 2),
(9477, 32, 'Merbau Oven 500 x 3 x 35', 'A02', 0.105),
(9478, 32, 'Merbau Oven 500 x 3 x 35', 'A03', 1365000),
(9479, 32, 'Merbau Oven 500 x 3 x 35', 'A04', 3),
(9480, 32, 'Merbau Oven 500 x 3 x 35', 'A05', 5),
(9481, 33, 'Merbau Basah 220 x 6 x 15', 'A01', 3),
(9482, 33, 'Merbau Basah 220 x 6 x 15', 'A02', 0.0594),
(9483, 33, 'Merbau Basah 220 x 6 x 15', 'A03', 437580),
(9484, 33, 'Merbau Basah 220 x 6 x 15', 'A04', 2),
(9485, 33, 'Merbau Basah 220 x 6 x 15', 'A05', 5),
(9486, 34, 'Merbau Basah 270 x 6 x 15', 'A01', 1),
(9487, 34, 'Merbau Basah 270 x 6 x 15', 'A02', 0.0243),
(9488, 34, 'Merbau Basah 270 x 6 x 15', 'A03', 537030),
(9489, 34, 'Merbau Basah 270 x 6 x 15', 'A04', 2),
(9490, 34, 'Merbau Basah 270 x 6 x 15', 'A05', 5),
(9491, 35, 'Merbau Oven 500 x 5 x 20', 'A01', 10),
(9492, 35, 'Merbau Oven 500 x 5 x 20', 'A02', 0.5),
(9493, 35, 'Merbau Oven 500 x 5 x 20', 'A03', 1260000),
(9494, 35, 'Merbau Oven 500 x 5 x 20', 'A04', 1),
(9495, 35, 'Merbau Oven 500 x 5 x 20', 'A05', 5),
(9496, 36, 'Merbau Oven 500 x 5 x 25', 'A01', 4),
(9497, 36, 'Merbau Oven 500 x 5 x 25', 'A02', 0.25),
(9498, 36, 'Merbau Oven 500 x 5 x 25', 'A03', 1575000),
(9499, 36, 'Merbau Oven 500 x 5 x 25', 'A04', 1),
(9500, 36, 'Merbau Oven 500 x 5 x 25', 'A05', 5),
(9501, 37, 'Samarinda Oven 400 x 3 x 20', 'A01', 1),
(9502, 37, 'Samarinda Oven 400 x 3 x 20', 'A02', 0.024),
(9503, 37, 'Samarinda Oven 400 x 3 x 20', 'A03', 262800),
(9504, 37, 'Samarinda Oven 400 x 3 x 20', 'A04', 3),
(9505, 37, 'Samarinda Oven 400 x 3 x 20', 'A05', 5),
(9506, 38, 'Samarinda Oven 400 x 4 x 25', 'A01', 10),
(9507, 38, 'Samarinda Oven 400 x 4 x 25', 'A02', 0.4),
(9508, 38, 'Samarinda Oven 400 x 4 x 25', 'A03', 442000),
(9509, 38, 'Samarinda Oven 400 x 4 x 25', 'A04', 3),
(9510, 38, 'Samarinda Oven 400 x 4 x 25', 'A05', 7),
(9511, 39, 'Meranti Oven  400 x 6 x 15', 'A01', 4),
(9512, 39, 'Meranti Oven  400 x 6 x 15', 'A02', 0.144),
(9513, 39, 'Meranti Oven  400 x 6 x 15', 'A03', 244800),
(9514, 39, 'Meranti Oven  400 x 6 x 15', 'A04', 2),
(9515, 39, 'Meranti Oven  400 x 6 x 15', 'A05', 7),
(9516, 40, 'Samarinda Oven 400 x 3 x 30', 'A01', 1),
(9517, 40, 'Samarinda Oven 400 x 3 x 30', 'A02', 0.036),
(9518, 40, 'Samarinda Oven 400 x 3 x 30', 'A03', 396000),
(9519, 40, 'Samarinda Oven 400 x 3 x 30', 'A04', 3),
(9520, 40, 'Samarinda Oven 400 x 3 x 30', 'A05', 7),
(9521, 41, 'Samarinda Oven 400 x 4 x 30', 'A01', 1),
(9522, 41, 'Samarinda Oven 400 x 4 x 30', 'A02', 0.048),
(9523, 41, 'Samarinda Oven 400 x 4 x 30', 'A03', 528000),
(9524, 41, 'Samarinda Oven 400 x 4 x 30', 'A04', 3),
(9525, 41, 'Samarinda Oven 400 x 4 x 30', 'A05', 7),
(9526, 42, 'Samarinda Oven 500 x 4 x 30', 'A01', 0),
(9527, 42, 'Samarinda Oven 500 x 4 x 30', 'A02', 0.12),
(9528, 42, 'Samarinda Oven 500 x 4 x 30', 'A03', 660000),
(9529, 42, 'Samarinda Oven 500 x 4 x 30', 'A04', 3),
(9530, 42, 'Samarinda Oven 500 x 4 x 30', 'A05', 6),
(9531, 43, 'Merbau Oven 400 x 5 x 25', 'A01', 5),
(9532, 43, 'Merbau Oven 400 x 5 x 25', 'A02', 0.25),
(9533, 43, 'Merbau Oven 400 x 5 x 25', 'A03', 1235000),
(9534, 43, 'Merbau Oven 400 x 5 x 25', 'A04', 1),
(9535, 43, 'Merbau Oven 400 x 5 x 25', 'A05', 5),
(9536, 44, 'Merbau Oven 500 x 5 x 20', 'A01', 5),
(9537, 44, 'Merbau Oven 500 x 5 x 20', 'A02', 0.25),
(9538, 44, 'Merbau Oven 500 x 5 x 20', 'A03', 1260000),
(9539, 44, 'Merbau Oven 500 x 5 x 20', 'A04', 1),
(9540, 44, 'Merbau Oven 500 x 5 x 20', 'A05', 5),
(9541, 45, 'Merbau Oven 250 x 4 x 25', 'A01', 1),
(9542, 45, 'Merbau Oven 250 x 4 x 25', 'A02', 0.025),
(9543, 45, 'Merbau Oven 250 x 4 x 25', 'A03', 615000),
(9544, 45, 'Merbau Oven 250 x 4 x 25', 'A04', 3),
(9545, 45, 'Merbau Oven 250 x 4 x 25', 'A05', 6),
(9546, 46, 'Merbau Basah 260 x 6 x 15', 'A01', 1),
(9547, 46, 'Merbau Basah 260 x 6 x 15', 'A02', 0.0234),
(9548, 46, 'Merbau Basah 260 x 6 x 15', 'A03', 517140),
(9549, 46, 'Merbau Basah 260 x 6 x 15', 'A04', 2),
(9550, 46, 'Merbau Basah 260 x 6 x 15', 'A05', 6),
(9551, 47, 'Merbau Oven 400 x 5 x 35', 'A01', 6),
(9552, 47, 'Merbau Oven 400 x 5 x 35', 'A02', 0.42),
(9553, 47, 'Merbau Oven 400 x 5 x 35', 'A03', 1855000),
(9554, 47, 'Merbau Oven 400 x 5 x 35', 'A04', 1),
(9555, 47, 'Merbau Oven 400 x 5 x 35', 'A05', 5),
(9556, 48, 'Merbau Oven 500 x 5 x 30', 'A01', 10),
(9557, 48, 'Merbau Oven 500 x 5 x 30', 'A02', 0.75),
(9558, 48, 'Merbau Oven 500 x 5 x 30', 'A03', 1920000),
(9559, 48, 'Merbau Oven 500 x 5 x 30', 'A04', 1),
(9560, 48, 'Merbau Oven 500 x 5 x 30', 'A05', 5),
(9561, 49, 'Merbau Oven 500 x 5 x 35', 'A01', 12),
(9562, 49, 'Merbau Oven 500 x 5 x 35', 'A02', 1.05),
(9563, 49, 'Merbau Oven 500 x 5 x 35', 'A03', 2362500),
(9564, 49, 'Merbau Oven 500 x 5 x 35', 'A04', 1),
(9565, 49, 'Merbau Oven 500 x 5 x 35', 'A05', 5),
(9566, 50, 'Merbau Oven 500 x 6 x 15', 'A01', 8),
(9567, 50, 'Merbau Oven 500 x 6 x 15', 'A02', 0.36),
(9568, 50, 'Merbau Oven 500 x 6 x 15', 'A03', 1039500),
(9569, 50, 'Merbau Oven 500 x 6 x 15', 'A04', 2),
(9570, 50, 'Merbau Oven 500 x 6 x 15', 'A05', 6),
(9571, 51, 'Merbau Oven 400 x 6 x 12', 'A01', 1),
(9572, 51, 'Merbau Oven 400 x 6 x 12', 'A02', 0.0288),
(9573, 51, 'Merbau Oven 400 x 6 x 12', 'A03', 650880),
(9574, 51, 'Merbau Oven 400 x 6 x 12', 'A04', 2),
(9575, 51, 'Merbau Oven 400 x 6 x 12', 'A05', 6),
(9576, 52, 'SO Merah 400 x 3 x 30', 'A01', 5),
(9577, 52, 'SO Merah 400 x 3 x 30', 'A02', 0.18),
(9578, 52, 'SO Merah 400 x 3 x 30', 'A03', 360000),
(9579, 52, 'SO Merah 400 x 3 x 30', 'A04', 3),
(9580, 52, 'SO Merah 400 x 3 x 30', 'A05', 5),
(9581, 53, 'Samarinda Oven 250 x 4 x 25', 'A01', 3),
(9582, 53, 'Samarinda Oven 250 x 4 x 25', 'A02', 0.075),
(9583, 53, 'Samarinda Oven 250 x 4 x 25', 'A03', 270000),
(9584, 53, 'Samarinda Oven 250 x 4 x 25', 'A04', 3),
(9585, 53, 'Samarinda Oven 250 x 4 x 25', 'A05', 6),
(9586, 54, 'Samarinda Oven 400 x 4 x 25', 'A01', 9),
(9587, 54, 'Samarinda Oven 400 x 4 x 25', 'A02', 0.36),
(9588, 54, 'Samarinda Oven 400 x 4 x 25', 'A03', 432000),
(9589, 54, 'Samarinda Oven 400 x 4 x 25', 'A04', 3),
(9590, 54, 'Samarinda Oven 400 x 4 x 25', 'A05', 7),
(9591, 55, 'Samarinda Oven 500 x 4 x 25', 'A01', 1),
(9592, 55, 'Samarinda Oven 500 x 4 x 25', 'A02', 0.05),
(9593, 55, 'Samarinda Oven 500 x 4 x 25', 'A03', 540000),
(9594, 55, 'Samarinda Oven 500 x 4 x 25', 'A04', 3),
(9595, 55, 'Samarinda Oven 500 x 4 x 25', 'A05', 7),
(9596, 56, 'Samarinda Oven 500 x 5 x 15', 'A01', 5),
(9597, 56, 'Samarinda Oven 500 x 5 x 15', 'A02', 0.1875),
(9598, 56, 'Samarinda Oven 500 x 5 x 15', 'A03', 416250),
(9599, 56, 'Samarinda Oven 500 x 5 x 15', 'A04', 2),
(9600, 56, 'Samarinda Oven 500 x 5 x 15', 'A05', 7),
(9601, 57, 'SO Merah 400 x 6 x 15', 'A01', 2),
(9602, 57, 'SO Merah 400 x 6 x 15', 'A02', 0.072),
(9603, 57, 'SO Merah 400 x 6 x 15', 'A03', 331200),
(9604, 57, 'SO Merah 400 x 6 x 15', 'A04', 2),
(9605, 57, 'SO Merah 400 x 6 x 15', 'A05', 5),
(9606, 58, 'Samarinda Oven 400 x 3 x 30', 'A01', 1),
(9607, 58, 'Samarinda Oven 400 x 3 x 30', 'A02', 0.036),
(9608, 58, 'Samarinda Oven 400 x 3 x 30', 'A03', 396000),
(9609, 58, 'Samarinda Oven 400 x 3 x 30', 'A04', 3),
(9610, 58, 'Samarinda Oven 400 x 3 x 30', 'A05', 7),
(9611, 59, 'Samarinda Oven 400 x 4 x 20', 'A01', 1),
(9612, 59, 'Samarinda Oven 400 x 4 x 20', 'A02', 0.032),
(9613, 59, 'Samarinda Oven 400 x 4 x 20', 'A03', 342400),
(9614, 59, 'Samarinda Oven 400 x 4 x 20', 'A04', 3),
(9615, 59, 'Samarinda Oven 400 x 4 x 20', 'A05', 7),
(9616, 60, 'Samarinda Oven 500 x 4 x 25', 'A01', 1),
(9617, 60, 'Samarinda Oven 500 x 4 x 25', 'A02', 0.05),
(9618, 60, 'Samarinda Oven 500 x 4 x 25', 'A03', 540000),
(9619, 60, 'Samarinda Oven 500 x 4 x 25', 'A04', 3),
(9620, 60, 'Samarinda Oven 500 x 4 x 25', 'A05', 7),
(9621, 61, 'Merbau Oven 300 x 4 x 30', 'A01', 2),
(9622, 61, 'Merbau Oven 300 x 4 x 30', 'A02', 0.072),
(9623, 61, 'Merbau Oven 300 x 4 x 30', 'A03', 903600),
(9624, 61, 'Merbau Oven 300 x 4 x 30', 'A04', 3),
(9625, 61, 'Merbau Oven 300 x 4 x 30', 'A05', 5),
(9626, 62, 'Merbau Oven 500 x 5 x 25', 'A01', 6),
(9627, 62, 'Merbau Oven 500 x 5 x 25', 'A02', 0.375),
(9628, 62, 'Merbau Oven 500 x 5 x 25', 'A03', 1575000),
(9629, 62, 'Merbau Oven 500 x 5 x 25', 'A04', 1),
(9630, 62, 'Merbau Oven 500 x 5 x 25', 'A05', 5),
(9631, 63, 'Merbau Oven 300 x 5 x 25', 'A01', 2),
(9632, 63, 'Merbau Oven 300 x 5 x 25', 'A02', 0.075),
(9633, 63, 'Merbau Oven 300 x 5 x 25', 'A03', 926250),
(9634, 63, 'Merbau Oven 300 x 5 x 25', 'A04', 1),
(9635, 63, 'Merbau Oven 300 x 5 x 25', 'A05', 5),
(9636, 64, 'Merbau Basah 500 x 5 x 20', 'A01', 1),
(9637, 64, 'Merbau Basah 500 x 5 x 20', 'A02', 0.05),
(9638, 64, 'Merbau Basah 500 x 5 x 20', 'A03', 1240000),
(9639, 64, 'Merbau Basah 500 x 5 x 20', 'A04', 1),
(9640, 64, 'Merbau Basah 500 x 5 x 20', 'A05', 5),
(9641, 65, 'SO Merah 400 x 3 x 20', 'A01', 1),
(9642, 65, 'SO Merah 400 x 3 x 20', 'A02', 0.024),
(9643, 65, 'SO Merah 400 x 3 x 20', 'A03', 232800),
(9644, 65, 'SO Merah 400 x 3 x 20', 'A04', 3),
(9645, 65, 'SO Merah 400 x 3 x 20', 'A05', 7),
(9646, 66, 'SO Merah 400 x 6 x 15', 'A01', 3),
(9647, 66, 'SO Merah 400 x 6 x 15', 'A02', 0.108),
(9648, 66, 'SO Merah 400 x 6 x 15', 'A03', 331200),
(9649, 66, 'SO Merah 400 x 6 x 15', 'A04', 2),
(9650, 66, 'SO Merah 400 x 6 x 15', 'A05', 5),
(9651, 67, 'Samarinda Oven 400 x 3 x 25', 'A01', 2),
(9652, 67, 'Samarinda Oven 400 x 3 x 25', 'A02', 0.06),
(9653, 67, 'Samarinda Oven 400 x 3 x 25', 'A03', 324000),
(9654, 67, 'Samarinda Oven 400 x 3 x 25', 'A04', 3),
(9655, 67, 'Samarinda Oven 400 x 3 x 25', 'A05', 7),
(9656, 68, 'Samarinda Oven 400 x 4 x 20', 'A01', 2),
(9657, 68, 'Samarinda Oven 400 x 4 x 20', 'A02', 0.064),
(9658, 68, 'Samarinda Oven 400 x 4 x 20', 'A03', 342400),
(9659, 68, 'Samarinda Oven 400 x 4 x 20', 'A04', 3),
(9660, 68, 'Samarinda Oven 400 x 4 x 20', 'A05', 7),
(9661, 69, 'Samarinda Oven 500 x 4 x 25', 'A01', 1),
(9662, 69, 'Samarinda Oven 500 x 4 x 25', 'A02', 0.05),
(9663, 69, 'Samarinda Oven 500 x 4 x 25', 'A03', 540000),
(9664, 69, 'Samarinda Oven 500 x 4 x 25', 'A04', 3),
(9665, 69, 'Samarinda Oven 500 x 4 x 25', 'A05', 7),
(9666, 70, 'Merbau Basah 100 x 6 x 15', 'A01', 4),
(9667, 70, 'Merbau Basah 100 x 6 x 15', 'A02', 0.036),
(9668, 70, 'Merbau Basah 100 x 6 x 15', 'A03', 186300),
(9669, 70, 'Merbau Basah 100 x 6 x 15', 'A04', 2),
(9670, 70, 'Merbau Basah 100 x 6 x 15', 'A05', 6),
(9671, 71, 'Merbau Basah 180 x 6 x 15', 'A01', 1),
(9672, 71, 'Merbau Basah 180 x 6 x 15', 'A02', 0.0162),
(9673, 71, 'Merbau Basah 180 x 6 x 15', 'A03', 335340),
(9674, 71, 'Merbau Basah 180 x 6 x 15', 'A04', 2),
(9675, 71, 'Merbau Basah 180 x 6 x 15', 'A05', 6),
(9676, 72, 'Merbau Basah 220 x 6 x 15', 'A01', 4),
(9677, 72, 'Merbau Basah 220 x 6 x 15', 'A02', 0.0792),
(9678, 72, 'Merbau Basah 220 x 6 x 15', 'A03', 437580),
(9679, 72, 'Merbau Basah 220 x 6 x 15', 'A04', 2),
(9680, 72, 'Merbau Basah 220 x 6 x 15', 'A05', 5),
(9681, 73, 'Merbau Basah 240 x 6 x 15', 'A01', 8),
(9682, 73, 'Merbau Basah 240 x 6 x 15', 'A02', 0.1728),
(9683, 73, 'Merbau Basah 240 x 6 x 15', 'A03', 477360),
(9684, 73, 'Merbau Basah 240 x 6 x 15', 'A04', 2),
(9685, 73, 'Merbau Basah 240 x 6 x 15', 'A05', 5),
(9686, 74, 'Merbau Basah 90 x 6 x 15', 'A01', 2),
(9687, 74, 'Merbau Basah 90 x 6 x 15', 'A02', 0.0162),
(9688, 74, 'Merbau Basah 90 x 6 x 15', 'A03', 167670),
(9689, 74, 'Merbau Basah 90 x 6 x 15', 'A04', 2),
(9690, 74, 'Merbau Basah 90 x 6 x 15', 'A05', 6),
(9691, 75, 'Merbau Oven 250 x 4 x 25', 'A01', 1),
(9692, 75, 'Merbau Oven 250 x 4 x 25', 'A02', 0.025),
(9693, 75, 'Merbau Oven 250 x 4 x 25', 'A03', 615000),
(9694, 75, 'Merbau Oven 250 x 4 x 25', 'A04', 3),
(9695, 75, 'Merbau Oven 250 x 4 x 25', 'A05', 6),
(9696, 76, 'Merbau Oven 500 x 3 x 25', 'A01', 2),
(9697, 76, 'Merbau Oven 500 x 3 x 25', 'A02', 0.075),
(9698, 76, 'Merbau Oven 500 x 3 x 25', 'A03', 941250),
(9699, 76, 'Merbau Oven 500 x 3 x 25', 'A04', 3),
(9700, 76, 'Merbau Oven 500 x 3 x 25', 'A05', 5),
(9701, 77, 'Samarinda Oven 500 x 4 x 25', 'A01', 2),
(9702, 77, 'Samarinda Oven 500 x 4 x 25', 'A02', 0.1),
(9703, 77, 'Samarinda Oven 500 x 4 x 25', 'A03', 540000),
(9704, 77, 'Samarinda Oven 500 x 4 x 25', 'A04', 3),
(9705, 77, 'Samarinda Oven 500 x 4 x 25', 'A05', 7),
(9706, 78, 'Samarinda Oven 500 x 4 x 30', 'A01', 1),
(9707, 78, 'Samarinda Oven 500 x 4 x 30', 'A02', 0.06),
(9708, 78, 'Samarinda Oven 500 x 4 x 30', 'A03', 660000),
(9709, 78, 'Samarinda Oven 500 x 4 x 30', 'A04', 3),
(9710, 78, 'Samarinda Oven 500 x 4 x 30', 'A05', 6),
(9711, 79, 'Samarinda Oven 400 x 4 x 20', 'A01', 5),
(9712, 79, 'Samarinda Oven 400 x 4 x 20', 'A02', 0.16),
(9713, 79, 'Samarinda Oven 400 x 4 x 20', 'A03', 350400),
(9714, 79, 'Samarinda Oven 400 x 4 x 20', 'A04', 3),
(9715, 79, 'Samarinda Oven 400 x 4 x 20', 'A05', 7),
(9716, 80, 'Merbau Oven 400 x 5 x 25', 'A01', 10),
(9717, 80, 'Merbau Oven 400 x 5 x 25', 'A02', 0.5),
(9718, 80, 'Merbau Oven 400 x 5 x 25', 'A03', 1235000),
(9719, 80, 'Merbau Oven 400 x 5 x 25', 'A04', 1),
(9720, 80, 'Merbau Oven 400 x 5 x 25', 'A05', 5),
(9721, 81, 'Merbau Oven 500 x 5 x 30', 'A01', 20),
(9722, 81, 'Merbau Oven 500 x 5 x 30', 'A02', 1.5),
(9723, 81, 'Merbau Oven 500 x 5 x 30', 'A03', 1920000),
(9724, 81, 'Merbau Oven 500 x 5 x 30', 'A04', 1),
(9725, 81, 'Merbau Oven 500 x 5 x 30', 'A05', 5),
(9726, 82, 'Samarinda Oven 400 x 4 x 25', 'A01', 4),
(9727, 82, 'Samarinda Oven 400 x 4 x 25', 'A02', 0.16),
(9728, 82, 'Samarinda Oven 400 x 4 x 25', 'A03', 442000),
(9729, 82, 'Samarinda Oven 400 x 4 x 25', 'A04', 3),
(9730, 82, 'Samarinda Oven 400 x 4 x 25', 'A05', 7),
(9731, 83, 'Samarinda Oven 400 x 6 x 15', 'A01', 4),
(9732, 83, 'Samarinda Oven 400 x 6 x 15', 'A02', 0.144),
(9733, 83, 'Samarinda Oven 400 x 6 x 15', 'A03', 376200),
(9734, 83, 'Samarinda Oven 400 x 6 x 15', 'A04', 2),
(9735, 83, 'Samarinda Oven 400 x 6 x 15', 'A05', 7),
(9736, 84, 'Merbau Basah 400 x 2 x 20', 'A01', 1),
(9737, 84, 'Merbau Basah 400 x 2 x 20', 'A02', 0.016),
(9738, 84, 'Merbau Basah 400 x 2 x 20', 'A03', 425600),
(9739, 84, 'Merbau Basah 400 x 2 x 20', 'A04', 3),
(9740, 84, 'Merbau Basah 400 x 2 x 20', 'A05', 6),
(9741, 85, 'Merbau Basah 450 x 2 x 20', 'A01', 6),
(9742, 85, 'Merbau Basah 450 x 2 x 20', 'A02', 0.108),
(9743, 85, 'Merbau Basah 450 x 2 x 20', 'A03', 478800),
(9744, 85, 'Merbau Basah 450 x 2 x 20', 'A04', 3),
(9745, 85, 'Merbau Basah 450 x 2 x 20', 'A05', 5),
(9746, 86, 'Samarinda Oven 400 x 3 x 30', 'A01', 12),
(9747, 86, 'Samarinda Oven 400 x 3 x 30', 'A02', 0.432),
(9748, 86, 'Samarinda Oven 400 x 3 x 30', 'A03', 396000),
(9749, 86, 'Samarinda Oven 400 x 3 x 30', 'A04', 3),
(9750, 86, 'Samarinda Oven 400 x 3 x 30', 'A05', 7),
(9751, 87, 'Samarinda Oven 500 x 5 x 15', 'A01', 2),
(9752, 87, 'Samarinda Oven 500 x 5 x 15', 'A02', 0.075),
(9753, 87, 'Samarinda Oven 500 x 5 x 15', 'A03', 416250),
(9754, 87, 'Samarinda Oven 500 x 5 x 15', 'A04', 2),
(9755, 87, 'Samarinda Oven 500 x 5 x 15', 'A05', 7),
(9756, 88, 'Merbau Oven 500 x 3 x 30', 'A01', 2),
(9757, 88, 'Merbau Oven 500 x 3 x 30', 'A02', 0.09),
(9758, 88, 'Merbau Oven 500 x 3 x 30', 'A03', 1152000),
(9759, 88, 'Merbau Oven 500 x 3 x 30', 'A04', 3),
(9760, 88, 'Merbau Oven 500 x 3 x 30', 'A05', 5),
(9761, 89, 'Merbau Basah 150 x 6 x 15', 'A01', 1),
(9762, 89, 'Merbau Basah 150 x 6 x 15', 'A02', 0.0135),
(9763, 89, 'Merbau Basah 150 x 6 x 15', 'A03', 279450),
(9764, 89, 'Merbau Basah 150 x 6 x 15', 'A04', 2),
(9765, 89, 'Merbau Basah 150 x 6 x 15', 'A05', 6),
(9766, 90, 'Merbau Basah 220 x 6 x 15', 'A01', 4),
(9767, 90, 'Merbau Basah 220 x 6 x 15', 'A02', 0.0792),
(9768, 90, 'Merbau Basah 220 x 6 x 15', 'A03', 437580),
(9769, 90, 'Merbau Basah 220 x 6 x 15', 'A04', 2),
(9770, 90, 'Merbau Basah 220 x 6 x 15', 'A05', 5),
(9771, 91, 'Merbau Oven 400 x 3 x 25', 'A01', 1),
(9772, 91, 'Merbau Oven 400 x 3 x 25', 'A02', 0.03),
(9773, 91, 'Merbau Oven 400 x 3 x 25', 'A03', 738000),
(9774, 91, 'Merbau Oven 400 x 3 x 25', 'A04', 3),
(9775, 91, 'Merbau Oven 400 x 3 x 25', 'A05', 5),
(9776, 92, 'Merbau Oven 250 x 4 x 30', 'A01', 4),
(9777, 92, 'Merbau Oven 250 x 4 x 30', 'A02', 0.12),
(9778, 92, 'Merbau Oven 250 x 4 x 30', 'A03', 753000),
(9779, 92, 'Merbau Oven 250 x 4 x 30', 'A04', 3),
(9780, 92, 'Merbau Oven 250 x 4 x 30', 'A05', 5),
(9781, 93, 'Merbau Oven 300 x 4 x 30', 'A01', 1),
(9782, 93, 'Merbau Oven 300 x 4 x 30', 'A02', 0.036),
(9783, 93, 'Merbau Oven 300 x 4 x 30', 'A03', 903600),
(9784, 93, 'Merbau Oven 300 x 4 x 30', 'A04', 3),
(9785, 93, 'Merbau Oven 300 x 4 x 30', 'A05', 5),
(9786, 94, 'Merbau Oven 400 x 4 x 15', 'A01', 1),
(9787, 94, 'Merbau Oven 400 x 4 x 15', 'A02', 0.024),
(9788, 94, 'Merbau Oven 400 x 4 x 15', 'A03', 566400),
(9789, 94, 'Merbau Oven 400 x 4 x 15', 'A04', 3),
(9790, 94, 'Merbau Oven 400 x 4 x 15', 'A05', 5),
(9791, 95, 'Merbau Oven 300 x 4 x 20', 'A01', 1),
(9792, 95, 'Merbau Oven 300 x 4 x 20', 'A02', 0.024),
(9793, 95, 'Merbau Oven 300 x 4 x 20', 'A03', 588000),
(9794, 95, 'Merbau Oven 300 x 4 x 20', 'A04', 3),
(9795, 95, 'Merbau Oven 300 x 4 x 20', 'A05', 5),
(9796, 96, 'Samarinda Oven 400 x 5 x 20', 'A01', 1),
(9797, 96, 'Samarinda Oven 400 x 5 x 20', 'A02', 0.04),
(9798, 96, 'Samarinda Oven 400 x 5 x 20', 'A03', 440000),
(9799, 96, 'Samarinda Oven 400 x 5 x 20', 'A04', 1),
(9800, 96, 'Samarinda Oven 400 x 5 x 20', 'A05', 5),
(9801, 97, 'Merbau Oven 400 x 5 x 20', 'A01', 1),
(9802, 97, 'Merbau Oven 400 x 5 x 20', 'A02', 0.04),
(9803, 97, 'Merbau Oven 400 x 5 x 20', 'A03', 988000),
(9804, 97, 'Merbau Oven 400 x 5 x 20', 'A04', 1),
(9805, 97, 'Merbau Oven 400 x 5 x 20', 'A05', 5),
(9806, 98, 'Merbau Oven 400 x 5 x 25', 'A01', 10),
(9807, 98, 'Merbau Oven 400 x 5 x 25', 'A02', 0.5),
(9808, 98, 'Merbau Oven 400 x 5 x 25', 'A03', 1235000),
(9809, 98, 'Merbau Oven 400 x 5 x 25', 'A04', 1),
(9810, 98, 'Merbau Oven 400 x 5 x 25', 'A05', 5),
(9811, 99, 'Merbau Oven 400 x 5 x 35', 'A01', 6),
(9812, 99, 'Merbau Oven 400 x 5 x 35', 'A02', 0.42),
(9813, 99, 'Merbau Oven 400 x 5 x 35', 'A03', 1855000),
(9814, 99, 'Merbau Oven 400 x 5 x 35', 'A04', 1),
(9815, 99, 'Merbau Oven 400 x 5 x 35', 'A05', 5),
(9816, 100, 'Samarinda Oven 250 x 6 x 15', 'A01', 1),
(9817, 100, 'Samarinda Oven 250 x 6 x 15', 'A02', 0.0225),
(9818, 100, 'Samarinda Oven 250 x 6 x 15', 'A03', 240750),
(9819, 100, 'Samarinda Oven 250 x 6 x 15', 'A04', 2),
(9820, 100, 'Samarinda Oven 250 x 6 x 15', 'A05', 7),
(9821, 101, 'Samarinda Oven 450 x 6 x 15', 'A01', 2),
(9822, 101, 'Samarinda Oven 450 x 6 x 15', 'A02', 0.081),
(9823, 101, 'Samarinda Oven 450 x 6 x 15', 'A03', 433350),
(9824, 101, 'Samarinda Oven 450 x 6 x 15', 'A04', 2),
(9825, 101, 'Samarinda Oven 450 x 6 x 15', 'A05', 6),
(9826, 102, 'SB Basah 400 x 4 x 6', 'A01', 2),
(9827, 102, 'SB Basah 400 x 4 x 6', 'A02', 0.0192),
(9828, 102, 'SB Basah 400 x 4 x 6', 'A03', 94080),
(9829, 102, 'SB Basah 400 x 4 x 6', 'A04', 3),
(9830, 102, 'SB Basah 400 x 4 x 6', 'A05', 5),
(9831, 103, 'Samarinda Oven 300 x 4 x 25', 'A01', 2),
(9832, 103, 'Samarinda Oven 300 x 4 x 25', 'A02', 0.06),
(9833, 103, 'Samarinda Oven 300 x 4 x 25', 'A03', 324000),
(9834, 103, 'Samarinda Oven 300 x 4 x 25', 'A04', 3),
(9835, 103, 'Samarinda Oven 300 x 4 x 25', 'A05', 6),
(9836, 104, 'Samarinda Oven 450 x 4 x 25', 'A01', 1),
(9837, 104, 'Samarinda Oven 450 x 4 x 25', 'A02', 0.045),
(9838, 104, 'Samarinda Oven 450 x 4 x 25', 'A03', 486000),
(9839, 104, 'Samarinda Oven 450 x 4 x 25', 'A04', 3),
(9840, 104, 'Samarinda Oven 450 x 4 x 25', 'A05', 5),
(9841, 105, 'Samarinda Oven 400 x 3 x 30', 'A01', 4),
(9842, 105, 'Samarinda Oven 400 x 3 x 30', 'A02', 0.144),
(9843, 105, 'Samarinda Oven 400 x 3 x 30', 'A03', 405000),
(9844, 105, 'Samarinda Oven 400 x 3 x 30', 'A04', 3),
(9845, 105, 'Samarinda Oven 400 x 3 x 30', 'A05', 7),
(9846, 106, 'Samarinda Oven 450 x 6 x 15', 'A01', 3),
(9847, 106, 'Samarinda Oven 450 x 6 x 15', 'A02', 0.1215),
(9848, 106, 'Samarinda Oven 450 x 6 x 15', 'A03', 445500),
(9849, 106, 'Samarinda Oven 450 x 6 x 15', 'A04', 2),
(9850, 106, 'Samarinda Oven 450 x 6 x 15', 'A05', 6),
(9851, 107, 'Merbau Oven 400 x 8 x 12', 'A01', 1),
(9852, 107, 'Merbau Oven 400 x 8 x 12', 'A02', 0.0384),
(9853, 107, 'Merbau Oven 400 x 8 x 12', 'A03', 867840),
(9854, 107, 'Merbau Oven 400 x 8 x 12', 'A04', 1),
(9855, 107, 'Merbau Oven 400 x 8 x 12', 'A05', 5),
(9856, 108, 'Merbau Oven 400 x 5 x 30', 'A01', 3),
(9857, 108, 'Merbau Oven 400 x 5 x 30', 'A02', 0.18),
(9858, 108, 'Merbau Oven 400 x 5 x 30', 'A03', 1464000),
(9859, 108, 'Merbau Oven 400 x 5 x 30', 'A04', 1),
(9860, 108, 'Merbau Oven 400 x 5 x 30', 'A05', 5),
(9861, 109, 'Merbau Oven 400 x 6 x 35', 'A01', 1),
(9862, 109, 'Merbau Oven 400 x 6 x 35', 'A02', 0.084),
(9863, 109, 'Merbau Oven 400 x 6 x 35', 'A03', 2167200),
(9864, 109, 'Merbau Oven 400 x 6 x 35', 'A04', 1),
(9865, 109, 'Merbau Oven 400 x 6 x 35', 'A05', 5),
(9866, 110, 'Samarinda Oven 400 x 6 x 15', 'A01', 1),
(9867, 110, 'Samarinda Oven 400 x 6 x 15', 'A02', 0.036),
(9868, 110, 'Samarinda Oven 400 x 6 x 15', 'A03', 313200),
(9869, 110, 'Samarinda Oven 400 x 6 x 15', 'A04', 2),
(9870, 110, 'Samarinda Oven 400 x 6 x 15', 'A05', 7),
(9871, 111, 'Samarinda Oven 500 x 6 x 15', 'A01', 2),
(9872, 111, 'Samarinda Oven 500 x 6 x 15', 'A02', 0.09),
(9873, 111, 'Samarinda Oven 500 x 6 x 15', 'A03', 414000),
(9874, 111, 'Samarinda Oven 500 x 6 x 15', 'A04', 2),
(9875, 111, 'Samarinda Oven 500 x 6 x 15', 'A05', 6),
(9876, 112, 'Merbau Basah 300 x 6 x 15', 'A01', 2),
(9877, 112, 'Merbau Basah 300 x 6 x 15', 'A02', 0.054),
(9878, 112, 'Merbau Basah 300 x 6 x 15', 'A03', 583200),
(9879, 112, 'Merbau Basah 300 x 6 x 15', 'A04', 2),
(9880, 112, 'Merbau Basah 300 x 6 x 15', 'A05', 5),
(9881, 113, 'Merbau Basah 500 x 8 x 15', 'A01', 2),
(9882, 113, 'Merbau Basah 500 x 8 x 15', 'A02', 0.12),
(9883, 113, 'Merbau Basah 500 x 8 x 15', 'A03', 1362000),
(9884, 113, 'Merbau Basah 500 x 8 x 15', 'A04', 1),
(9885, 113, 'Merbau Basah 500 x 8 x 15', 'A05', 5),
(9886, 114, 'Merbau Oven 400 x 5 x 15', 'A01', 2),
(9887, 114, 'Merbau Oven 400 x 5 x 15', 'A02', 0.06),
(9888, 114, 'Merbau Oven 400 x 5 x 15', 'A03', 678000),
(9889, 114, 'Merbau Oven 400 x 5 x 15', 'A04', 2),
(9890, 114, 'Merbau Oven 400 x 5 x 15', 'A05', 5),
(9891, 115, 'Merbau Oven 500 x 5 x 20', 'A01', 3),
(9892, 115, 'Merbau Oven 500 x 5 x 20', 'A02', 0.15),
(9893, 115, 'Merbau Oven 500 x 5 x 20', 'A03', 1225000),
(9894, 115, 'Merbau Oven 500 x 5 x 20', 'A04', 1),
(9895, 115, 'Merbau Oven 500 x 5 x 20', 'A05', 5),
(9896, 116, 'Merbau Basah 210 x 6 x 15', 'A01', 10),
(9897, 116, 'Merbau Basah 210 x 6 x 15', 'A02', 0.189),
(9898, 116, 'Merbau Basah 210 x 6 x 15', 'A03', 408240),
(9899, 116, 'Merbau Basah 210 x 6 x 15', 'A04', 2),
(9900, 116, 'Merbau Basah 210 x 6 x 15', 'A05', 5),
(9901, 117, 'Merbau Basah 250 x 6 x 15', 'A01', 20),
(9902, 117, 'Merbau Basah 250 x 6 x 15', 'A02', 0.45),
(9903, 117, 'Merbau Basah 250 x 6 x 15', 'A03', 499500),
(9904, 117, 'Merbau Basah 250 x 6 x 15', 'A04', 2),
(9905, 117, 'Merbau Basah 250 x 6 x 15', 'A05', 6),
(9906, 118, 'Samarinda Oven 400 x 5 x 15', 'A01', 3),
(9907, 118, 'Samarinda Oven 400 x 5 x 15', 'A02', 0.09),
(9908, 118, 'Samarinda Oven 400 x 5 x 15', 'A03', 280500),
(9909, 118, 'Samarinda Oven 400 x 5 x 15', 'A04', 2),
(9910, 118, 'Samarinda Oven 400 x 5 x 15', 'A05', 7),
(9911, 119, 'Samarinda Oven 400 x 6 x 17', 'A01', 2),
(9912, 119, 'Samarinda Oven 400 x 6 x 17', 'A02', 0.0816),
(9913, 119, 'Samarinda Oven 400 x 6 x 17', 'A03', 381480),
(9914, 119, 'Samarinda Oven 400 x 6 x 17', 'A04', 2),
(9915, 119, 'Samarinda Oven 400 x 6 x 17', 'A05', 6),
(9916, 120, 'Samarinda Oven 500 x 5 x 15', 'A01', 7),
(9917, 120, 'Samarinda Oven 500 x 5 x 15', 'A02', 0.2625),
(9918, 120, 'Samarinda Oven 500 x 5 x 15', 'A03', 371250),
(9919, 120, 'Samarinda Oven 500 x 5 x 15', 'A04', 2),
(9920, 120, 'Samarinda Oven 500 x 5 x 15', 'A05', 7),
(9921, 121, 'Samarinda Oven 250 x 6 x 15', 'A01', 5),
(9922, 121, 'Samarinda Oven 250 x 6 x 15', 'A02', 0.1125),
(9923, 121, 'Samarinda Oven 250 x 6 x 15', 'A03', 207000),
(9924, 121, 'Samarinda Oven 250 x 6 x 15', 'A04', 2),
(9925, 121, 'Samarinda Oven 250 x 6 x 15', 'A05', 7),
(9926, 122, 'Samarinda Oven 400 x 6 x 15', 'A01', 1),
(9927, 122, 'Samarinda Oven 400 x 6 x 15', 'A02', 0.036),
(9928, 122, 'Samarinda Oven 400 x 6 x 15', 'A03', 313200),
(9929, 122, 'Samarinda Oven 400 x 6 x 15', 'A04', 2),
(9930, 122, 'Samarinda Oven 400 x 6 x 15', 'A05', 7),
(9931, 123, 'Samarinda Oven 450 x 6 x 15', 'A01', 1),
(9932, 123, 'Samarinda Oven 450 x 6 x 15', 'A02', 0.0405),
(9933, 123, 'Samarinda Oven 450 x 6 x 15', 'A03', 372600),
(9934, 123, 'Samarinda Oven 450 x 6 x 15', 'A04', 2),
(9935, 123, 'Samarinda Oven 450 x 6 x 15', 'A05', 6),
(9936, 124, 'Samarinda Oven 500 x 6 x 15', 'A01', 2),
(9937, 124, 'Samarinda Oven 500 x 6 x 15', 'A02', 0.09),
(9938, 124, 'Samarinda Oven 500 x 6 x 15', 'A03', 414000),
(9939, 124, 'Samarinda Oven 500 x 6 x 15', 'A04', 2),
(9940, 124, 'Samarinda Oven 500 x 6 x 15', 'A05', 6),
(9941, 125, 'Samarinda Oven 400 x 4 x 25', 'A01', 5),
(9942, 125, 'Samarinda Oven 400 x 4 x 25', 'A02', 0.2),
(9943, 125, 'Samarinda Oven 400 x 4 x 25', 'A03', 372000),
(9944, 125, 'Samarinda Oven 400 x 4 x 25', 'A04', 3),
(9945, 125, 'Samarinda Oven 400 x 4 x 25', 'A05', 7),
(9946, 126, 'Samarinda Oven 250 x 6 x 15', 'A01', 16),
(9947, 126, 'Samarinda Oven 250 x 6 x 15', 'A02', 0.36),
(9948, 126, 'Samarinda Oven 250 x 6 x 15', 'A03', 207000),
(9949, 126, 'Samarinda Oven 250 x 6 x 15', 'A04', 2),
(9950, 126, 'Samarinda Oven 250 x 6 x 15', 'A05', 7),
(9951, 127, 'Samarinda Oven 300 x 6 x 15', 'A01', 3),
(9952, 127, 'Samarinda Oven 300 x 6 x 15', 'A02', 0.081),
(9953, 127, 'Samarinda Oven 300 x 6 x 15', 'A03', 234900),
(9954, 127, 'Samarinda Oven 300 x 6 x 15', 'A04', 2),
(9955, 127, 'Samarinda Oven 300 x 6 x 15', 'A05', 7),
(9956, 128, 'Merbau Oven 250 x 6 x 15', 'A01', 1),
(9957, 128, 'Merbau Oven 250 x 6 x 15', 'A02', 0.0225),
(9958, 128, 'Merbau Oven 250 x 6 x 15', 'A03', 508500),
(9959, 128, 'Merbau Oven 250 x 6 x 15', 'A04', 2),
(9960, 128, 'Merbau Oven 250 x 6 x 15', 'A05', 7),
(9961, 129, 'Merbau Oven 500 x 6 x 12', 'A01', 1),
(9962, 129, 'Merbau Oven 500 x 6 x 12', 'A02', 0.036),
(9963, 129, 'Merbau Oven 500 x 6 x 12', 'A03', 813600),
(9964, 129, 'Merbau Oven 500 x 6 x 12', 'A04', 2),
(9965, 129, 'Merbau Oven 500 x 6 x 12', 'A05', 5),
(9966, 130, 'Samarinda Oven 250 x 6 x 15', 'A01', 7),
(9967, 130, 'Samarinda Oven 250 x 6 x 15', 'A02', 0.1575),
(9968, 130, 'Samarinda Oven 250 x 6 x 15', 'A03', 207000),
(9969, 130, 'Samarinda Oven 250 x 6 x 15', 'A04', 2),
(9970, 130, 'Samarinda Oven 250 x 6 x 15', 'A05', 7),
(9971, 131, 'Samarinda Oven 400 x 4 x 25', 'A01', 6),
(9972, 131, 'Samarinda Oven 400 x 4 x 25', 'A02', 0.24),
(9973, 131, 'Samarinda Oven 400 x 4 x 25', 'A03', 372000),
(9974, 131, 'Samarinda Oven 400 x 4 x 25', 'A04', 3),
(9975, 131, 'Samarinda Oven 400 x 4 x 25', 'A05', 7),
(9976, 132, 'Merbau Oven 400 x 3 x 30', 'A01', 11),
(9977, 132, 'Merbau Oven 400 x 3 x 30', 'A02', 0.396),
(9978, 132, 'Merbau Oven 400 x 3 x 30', 'A03', 878400),
(9979, 132, 'Merbau Oven 400 x 3 x 30', 'A04', 3),
(9980, 132, 'Merbau Oven 400 x 3 x 30', 'A05', 6),
(9981, 133, 'Merbau Oven 400 x 4 x 25', 'A01', 15),
(9982, 133, 'Merbau Oven 400 x 4 x 25', 'A02', 0.6),
(9983, 133, 'Merbau Oven 400 x 4 x 25', 'A03', 956000),
(9984, 133, 'Merbau Oven 400 x 4 x 25', 'A04', 3),
(9985, 133, 'Merbau Oven 400 x 4 x 25', 'A05', 6),
(9986, 134, 'Merbau Oven 500 x 3 x 30', 'A01', 3),
(9987, 134, 'Merbau Oven 500 x 3 x 30', 'A02', 0.135),
(9988, 134, 'Merbau Oven 500 x 3 x 30', 'A03', 1120500),
(9989, 134, 'Merbau Oven 500 x 3 x 30', 'A04', 3),
(9990, 134, 'Merbau Oven 500 x 3 x 30', 'A05', 5),
(9991, 135, 'Merbau Oven 500 x 4 x 30', 'A01', 2),
(9992, 135, 'Merbau Oven 500 x 4 x 30', 'A02', 0.12),
(9993, 135, 'Merbau Oven 500 x 4 x 30', 'A03', 1494000),
(9994, 135, 'Merbau Oven 500 x 4 x 30', 'A04', 3),
(9995, 135, 'Merbau Oven 500 x 4 x 30', 'A05', 5),
(9996, 136, 'Merbau Oven 500 x 5 x 35', 'A01', 4),
(9997, 136, 'Merbau Oven 500 x 5 x 35', 'A02', 0.35),
(9998, 136, 'Merbau Oven 500 x 5 x 35', 'A03', 2301250),
(9999, 136, 'Merbau Oven 500 x 5 x 35', 'A04', 1),
(10000, 136, 'Merbau Oven 500 x 5 x 35', 'A05', 5),
(10001, 137, 'Merbau Oven 250 x 4 x 25', 'A01', 8),
(10002, 137, 'Merbau Oven 250 x 4 x 25', 'A02', 0.2),
(10003, 137, 'Merbau Oven 250 x 4 x 25', 'A03', 597500),
(10004, 137, 'Merbau Oven 250 x 4 x 25', 'A04', 3),
(10005, 137, 'Merbau Oven 250 x 4 x 25', 'A05', 6),
(10006, 138, 'Merbau Oven 400 x 4 x 25', 'A01', 1),
(10007, 138, 'Merbau Oven 400 x 4 x 25', 'A02', 0.04),
(10008, 138, 'Merbau Oven 400 x 4 x 25', 'A03', 956000),
(10009, 138, 'Merbau Oven 400 x 4 x 25', 'A04', 3),
(10010, 138, 'Merbau Oven 400 x 4 x 25', 'A05', 6),
(10011, 139, 'Merbau Oven 500 x 3 x 30', 'A01', 5),
(10012, 139, 'Merbau Oven 500 x 3 x 30', 'A02', 0.225),
(10013, 139, 'Merbau Oven 500 x 3 x 30', 'A03', 1120500),
(10014, 139, 'Merbau Oven 500 x 3 x 30', 'A04', 3),
(10015, 139, 'Merbau Oven 500 x 3 x 30', 'A05', 5),
(10016, 140, 'Merbau Oven 500 x 5 x 30', 'A01', 4),
(10017, 140, 'Merbau Oven 500 x 5 x 30', 'A02', 0.3),
(10018, 140, 'Merbau Oven 500 x 5 x 30', 'A03', 1867500),
(10019, 140, 'Merbau Oven 500 x 5 x 30', 'A04', 1),
(10020, 140, 'Merbau Oven 500 x 5 x 30', 'A05', 5),
(10021, 141, 'Samarinda Oven 400 x 3 x 20', 'A01', 1),
(10022, 141, 'Samarinda Oven 400 x 3 x 20', 'A02', 0.024),
(10023, 141, 'Samarinda Oven 400 x 3 x 20', 'A03', 220800),
(10024, 141, 'Samarinda Oven 400 x 3 x 20', 'A04', 3),
(10025, 141, 'Samarinda Oven 400 x 3 x 20', 'A05', 5),
(10026, 142, 'Samarinda Oven 500 x 5 x 15', 'A01', 1),
(10027, 142, 'Samarinda Oven 500 x 5 x 15', 'A02', 0.0375),
(10028, 142, 'Samarinda Oven 500 x 5 x 15', 'A03', 360000),
(10029, 142, 'Samarinda Oven 500 x 5 x 15', 'A04', 2),
(10030, 142, 'Samarinda Oven 500 x 5 x 15', 'A05', 7),
(10031, 143, 'Samarinda Oven 400 x 6 x 12', 'A01', 10),
(10032, 143, 'Samarinda Oven 400 x 6 x 12', 'A02', 0.288),
(10033, 143, 'Samarinda Oven 400 x 6 x 12', 'A03', 250560),
(10034, 143, 'Samarinda Oven 400 x 6 x 12', 'A04', 2),
(10035, 143, 'Samarinda Oven 400 x 6 x 12', 'A05', 7),
(10036, 144, 'Merbau Oven 250 x 4 x 25', 'A01', 1),
(10037, 144, 'Merbau Oven 250 x 4 x 25', 'A02', 0.025),
(10038, 144, 'Merbau Oven 250 x 4 x 25', 'A03', 597500),
(10039, 144, 'Merbau Oven 250 x 4 x 25', 'A04', 3),
(10040, 144, 'Merbau Oven 250 x 4 x 25', 'A05', 6),
(10041, 145, 'Samarinda Oven 400 x 4 x 20', 'A01', 1),
(10042, 145, 'Samarinda Oven 400 x 4 x 20', 'A02', 0.032),
(10043, 145, 'Samarinda Oven 400 x 4 x 20', 'A03', 294400),
(10044, 145, 'Samarinda Oven 400 x 4 x 20', 'A04', 3),
(10045, 145, 'Samarinda Oven 400 x 4 x 20', 'A05', 7),
(10046, 146, 'Samarinda Oven 400 x 5 x 15', 'A01', 4),
(10047, 146, 'Samarinda Oven 400 x 5 x 15', 'A02', 0.12),
(10048, 146, 'Samarinda Oven 400 x 5 x 15', 'A03', 273000),
(10049, 146, 'Samarinda Oven 400 x 5 x 15', 'A04', 2),
(10050, 146, 'Samarinda Oven 400 x 5 x 15', 'A05', 7),
(10051, 147, 'Samarinda Oven 400 x 6 x 15', 'A01', 8),
(10052, 147, 'Samarinda Oven 400 x 6 x 15', 'A02', 0.288),
(10053, 147, 'Samarinda Oven 400 x 6 x 15', 'A03', 313200),
(10054, 147, 'Samarinda Oven 400 x 6 x 15', 'A04', 2),
(10055, 147, 'Samarinda Oven 400 x 6 x 15', 'A05', 7),
(10056, 148, 'Samarinda Oven 400 x 3 x 30', 'A01', 1),
(10057, 148, 'Samarinda Oven 400 x 3 x 30', 'A02', 0.036),
(10058, 148, 'Samarinda Oven 400 x 3 x 30', 'A03', 342000),
(10059, 148, 'Samarinda Oven 400 x 3 x 30', 'A04', 3),
(10060, 148, 'Samarinda Oven 400 x 3 x 30', 'A05', 7),
(10061, 149, 'Samarinda Oven 400 x 6 x 17', 'A01', 10),
(10062, 149, 'Samarinda Oven 400 x 6 x 17', 'A02', 0.408),
(10063, 149, 'Samarinda Oven 400 x 6 x 17', 'A03', 371280),
(10064, 149, 'Samarinda Oven 400 x 6 x 17', 'A04', 2),
(10065, 149, 'Samarinda Oven 400 x 6 x 17', 'A05', 6),
(10066, 150, 'Samarinda Oven 500 x 6 x 17', 'A01', 2),
(10067, 150, 'Samarinda Oven 500 x 6 x 17', 'A02', 0.102),
(10068, 150, 'Samarinda Oven 500 x 6 x 17', 'A03', 489600),
(10069, 150, 'Samarinda Oven 500 x 6 x 17', 'A04', 2),
(10070, 150, 'Samarinda Oven 500 x 6 x 17', 'A05', 6),
(10071, 151, 'Merbau Basah 400 x 5 x 7', 'A01', 2),
(10072, 151, 'Merbau Basah 400 x 5 x 7', 'A02', 0.028),
(10073, 151, 'Merbau Basah 400 x 5 x 7', 'A03', 309400),
(10074, 151, 'Merbau Basah 400 x 5 x 7', 'A04', 4),
(10075, 151, 'Merbau Basah 400 x 5 x 7', 'A05', 5),
(10076, 152, 'Bangkirai 400 x 8 x 15', 'A01', 2),
(10077, 152, 'Bangkirai 400 x 8 x 15', 'A02', 0.096),
(10078, 152, 'Bangkirai 400 x 8 x 15', 'A03', 864000),
(10079, 152, 'Bangkirai 400 x 8 x 15', 'A04', 1),
(10080, 152, 'Bangkirai 400 x 8 x 15', 'A05', 5),
(10081, 153, 'Samarinda Oven 400 x 8 x 12', 'A01', 1),
(10082, 153, 'Samarinda Oven 400 x 8 x 12', 'A02', 0.0384),
(10083, 153, 'Samarinda Oven 400 x 8 x 12', 'A03', 349440),
(10084, 153, 'Samarinda Oven 400 x 8 x 12', 'A04', 1),
(10085, 153, 'Samarinda Oven 400 x 8 x 12', 'A05', 6),
(10086, 154, 'Samarinda Oven 400 x 3 x 30', 'A01', 2),
(10087, 154, 'Samarinda Oven 400 x 3 x 30', 'A02', 0.072),
(10088, 154, 'Samarinda Oven 400 x 3 x 30', 'A03', 342000),
(10089, 154, 'Samarinda Oven 400 x 3 x 30', 'A04', 3),
(10090, 154, 'Samarinda Oven 400 x 3 x 30', 'A05', 7),
(10091, 155, 'Samarinda Oven 400 x 4 x 25', 'A01', 2),
(10092, 155, 'Samarinda Oven 400 x 4 x 25', 'A02', 0.08),
(10093, 155, 'Samarinda Oven 400 x 4 x 25', 'A03', 372000),
(10094, 155, 'Samarinda Oven 400 x 4 x 25', 'A04', 3),
(10095, 155, 'Samarinda Oven 400 x 4 x 25', 'A05', 7),
(10096, 156, 'Samarinda Oven 400 x 6 x 12', 'A01', 1),
(10097, 156, 'Samarinda Oven 400 x 6 x 12', 'A02', 0.0288),
(10098, 156, 'Samarinda Oven 400 x 6 x 12', 'A03', 250560),
(10099, 156, 'Samarinda Oven 400 x 6 x 12', 'A04', 2),
(10100, 156, 'Samarinda Oven 400 x 6 x 12', 'A05', 7),
(10101, 157, 'Samarinda Oven 400 x 4 x 25', 'A01', 13),
(10102, 157, 'Samarinda Oven 400 x 4 x 25', 'A02', 0.52),
(10103, 157, 'Samarinda Oven 400 x 4 x 25', 'A03', 372000),
(10104, 157, 'Samarinda Oven 400 x 4 x 25', 'A04', 3),
(10105, 157, 'Samarinda Oven 400 x 4 x 25', 'A05', 7),
(10106, 158, 'Samarinda Oven 250 x 6 x 15', 'A01', 12),
(10107, 158, 'Samarinda Oven 250 x 6 x 15', 'A02', 0.27),
(10108, 158, 'Samarinda Oven 250 x 6 x 15', 'A03', 207000),
(10109, 158, 'Samarinda Oven 250 x 6 x 15', 'A04', 2),
(10110, 158, 'Samarinda Oven 250 x 6 x 15', 'A05', 7),
(10111, 159, 'Samarinda Oven 300 x 6 x 15', 'A01', 2),
(10112, 159, 'Samarinda Oven 300 x 6 x 15', 'A02', 0.054),
(10113, 159, 'Samarinda Oven 300 x 6 x 15', 'A03', 234900),
(10114, 159, 'Samarinda Oven 300 x 6 x 15', 'A04', 2),
(10115, 159, 'Samarinda Oven 300 x 6 x 15', 'A05', 7),
(10116, 160, 'Samarinda Oven 400 x 3 x 25', 'A01', 4),
(10117, 160, 'Samarinda Oven 400 x 3 x 25', 'A02', 0.12),
(10118, 160, 'Samarinda Oven 400 x 3 x 25', 'A03', 279000),
(10119, 160, 'Samarinda Oven 400 x 3 x 25', 'A04', 3),
(10120, 160, 'Samarinda Oven 400 x 3 x 25', 'A05', 7),
(10121, 161, 'Samarinda Oven 400 x 4 x 20', 'A01', 1),
(10122, 161, 'Samarinda Oven 400 x 4 x 20', 'A02', 0.032),
(10123, 161, 'Samarinda Oven 400 x 4 x 20', 'A03', 294400),
(10124, 161, 'Samarinda Oven 400 x 4 x 20', 'A04', 3),
(10125, 161, 'Samarinda Oven 400 x 4 x 20', 'A05', 7),
(10126, 162, 'Samarinda Oven 400 x 4 x 25', 'A01', 4),
(10127, 162, 'Samarinda Oven 400 x 4 x 25', 'A02', 0.16),
(10128, 162, 'Samarinda Oven 400 x 4 x 25', 'A03', 372000),
(10129, 162, 'Samarinda Oven 400 x 4 x 25', 'A04', 3),
(10130, 162, 'Samarinda Oven 400 x 4 x 25', 'A05', 7),
(10131, 163, 'Samarinda Oven 400 x 4 x 30', 'A01', 1),
(10132, 163, 'Samarinda Oven 400 x 4 x 30', 'A02', 0.048),
(10133, 163, 'Samarinda Oven 400 x 4 x 30', 'A03', 456000),
(10134, 163, 'Samarinda Oven 400 x 4 x 30', 'A04', 3),
(10135, 163, 'Samarinda Oven 400 x 4 x 30', 'A05', 7),
(10136, 164, 'Merbau Oven 450 x 3 x 25', 'A01', 1),
(10137, 164, 'Merbau Oven 450 x 3 x 25', 'A02', 0.0338),
(10138, 164, 'Merbau Oven 450 x 3 x 25', 'A03', 824720),
(10139, 164, 'Merbau Oven 450 x 3 x 25', 'A04', 3),
(10140, 164, 'Merbau Oven 450 x 3 x 25', 'A05', 5),
(10141, 165, 'Merbau Oven 500 x 3 x 20', 'A01', 1),
(10142, 165, 'Merbau Oven 500 x 3 x 20', 'A02', 0.03),
(10143, 165, 'Merbau Oven 500 x 3 x 20', 'A03', 729000),
(10144, 165, 'Merbau Oven 500 x 3 x 20', 'A04', 3),
(10145, 165, 'Merbau Oven 500 x 3 x 20', 'A05', 5),
(10146, 166, 'Samarinda Oven 500 x 5 x 15', 'A01', 1),
(10147, 166, 'Samarinda Oven 500 x 5 x 15', 'A02', 0.0375),
(10148, 166, 'Samarinda Oven 500 x 5 x 15', 'A03', 360000),
(10149, 166, 'Samarinda Oven 500 x 5 x 15', 'A04', 2),
(10150, 166, 'Samarinda Oven 500 x 5 x 15', 'A05', 7),
(10151, 167, 'Samarinda Oven 500 x 5 x 30', 'A01', 1),
(10152, 167, 'Samarinda Oven 500 x 5 x 30', 'A02', 0.075),
(10153, 167, 'Samarinda Oven 500 x 5 x 30', 'A03', 727500),
(10154, 167, 'Samarinda Oven 500 x 5 x 30', 'A04', 1),
(10155, 167, 'Samarinda Oven 500 x 5 x 30', 'A05', 5),
(10156, 168, 'Merbau Basah 400 x 12 x 40', 'A01', 1),
(10157, 168, 'Merbau Basah 400 x 12 x 40', 'A02', 0.192),
(10158, 168, 'Merbau Basah 400 x 12 x 40', 'A03', 4896000),
(10159, 168, 'Merbau Basah 400 x 12 x 40', 'A04', 1),
(10160, 168, 'Merbau Basah 400 x 12 x 40', 'A05', 5),
(10161, 169, 'Samarinda Oven 400 x 6 x 15', 'A01', 9),
(10162, 169, 'Samarinda Oven 400 x 6 x 15', 'A02', 0.324),
(10163, 169, 'Samarinda Oven 400 x 6 x 15', 'A03', 313200),
(10164, 169, 'Samarinda Oven 400 x 6 x 15', 'A04', 2),
(10165, 169, 'Samarinda Oven 400 x 6 x 15', 'A05', 7),
(10166, 170, 'Merbau Oven 400 x 8 x 15', 'A01', 4),
(10167, 170, 'Merbau Oven 400 x 8 x 15', 'A02', 0.192),
(10168, 170, 'Merbau Oven 400 x 8 x 15', 'A03', 1084800),
(10169, 170, 'Merbau Oven 400 x 8 x 15', 'A04', 1),
(10170, 170, 'Merbau Oven 400 x 8 x 15', 'A05', 5),
(10171, 171, 'Merbau Oven 500 x 8 x 15', 'A01', 1),
(10172, 171, 'Merbau Oven 500 x 8 x 15', 'A02', 0.06),
(10173, 171, 'Merbau Oven 500 x 8 x 15', 'A03', 1386000),
(10174, 171, 'Merbau Oven 500 x 8 x 15', 'A04', 1),
(10175, 171, 'Merbau Oven 500 x 8 x 15', 'A05', 5),
(10176, 172, 'Merbau Basah 240 x 6 x 15', 'A01', 6),
(10177, 172, 'Merbau Basah 240 x 6 x 15', 'A02', 0.1296),
(10178, 172, 'Merbau Basah 240 x 6 x 15', 'A03', 466560),
(10179, 172, 'Merbau Basah 240 x 6 x 15', 'A04', 2),
(10180, 172, 'Merbau Basah 240 x 6 x 15', 'A05', 5),
(10181, 173, 'Merbau Basah 90 x 6 x 15', 'A01', 1),
(10182, 173, 'Merbau Basah 90 x 6 x 15', 'A02', 0.0081),
(10183, 173, 'Merbau Basah 90 x 6 x 15', 'A03', 163620),
(10184, 173, 'Merbau Basah 90 x 6 x 15', 'A04', 2),
(10185, 173, 'Merbau Basah 90 x 6 x 15', 'A05', 6),
(10186, 174, 'Merbau Oven 400 x 5 x 20', 'A01', 4),
(10187, 174, 'Merbau Oven 400 x 5 x 20', 'A02', 0.16),
(10188, 174, 'Merbau Oven 400 x 5 x 20', 'A03', 960000),
(10189, 174, 'Merbau Oven 400 x 5 x 20', 'A04', 1),
(10190, 174, 'Merbau Oven 400 x 5 x 20', 'A05', 5),
(10191, 175, 'Merbau Oven 400 x 6 x 35', 'A01', 1),
(10192, 175, 'Merbau Oven 400 x 6 x 35', 'A02', 0.084),
(10193, 175, 'Merbau Oven 400 x 6 x 35', 'A03', 2167200),
(10194, 175, 'Merbau Oven 400 x 6 x 35', 'A04', 1),
(10195, 175, 'Merbau Oven 400 x 6 x 35', 'A05', 5),
(10196, 176, 'Samarinda Oven 300 x 6 x 15', 'A01', 3),
(10197, 176, 'Samarinda Oven 300 x 6 x 15', 'A02', 0.081),
(10198, 176, 'Samarinda Oven 300 x 6 x 15', 'A03', 234900),
(10199, 176, 'Samarinda Oven 300 x 6 x 15', 'A04', 2),
(10200, 176, 'Samarinda Oven 300 x 6 x 15', 'A05', 7),
(10201, 177, 'Samarinda Oven 400 x 3 x 30', 'A01', 2),
(10202, 177, 'Samarinda Oven 400 x 3 x 30', 'A02', 0.072),
(10203, 177, 'Samarinda Oven 400 x 3 x 30', 'A03', 342000),
(10204, 177, 'Samarinda Oven 400 x 3 x 30', 'A04', 3),
(10205, 177, 'Samarinda Oven 400 x 3 x 30', 'A05', 7),
(10206, 178, 'Samarinda Oven 400 x 4 x 30', 'A01', 1),
(10207, 178, 'Samarinda Oven 400 x 4 x 30', 'A02', 0.048),
(10208, 178, 'Samarinda Oven 400 x 4 x 30', 'A03', 456000),
(10209, 178, 'Samarinda Oven 400 x 4 x 30', 'A04', 3),
(10210, 178, 'Samarinda Oven 400 x 4 x 30', 'A05', 7),
(10211, 179, 'Samarinda Oven 500 x 4 x 25', 'A01', 4),
(10212, 179, 'Samarinda Oven 500 x 4 x 25', 'A02', 0.2),
(10213, 179, 'Samarinda Oven 500 x 4 x 25', 'A03', 465000),
(10214, 179, 'Samarinda Oven 500 x 4 x 25', 'A04', 3),
(10215, 179, 'Samarinda Oven 500 x 4 x 25', 'A05', 7),
(10216, 180, 'Samarinda Oven 400 x 3 x 20', 'A01', 5),
(10217, 180, 'Samarinda Oven 400 x 3 x 20', 'A02', 0.12),
(10218, 180, 'Samarinda Oven 400 x 3 x 20', 'A03', 220800),
(10219, 180, 'Samarinda Oven 400 x 3 x 20', 'A04', 3),
(10220, 180, 'Samarinda Oven 400 x 3 x 20', 'A05', 5),
(10221, 181, 'Samarinda Oven 400 x 3 x 25', 'A01', 5),
(10222, 181, 'Samarinda Oven 400 x 3 x 25', 'A02', 0.15),
(10223, 181, 'Samarinda Oven 400 x 3 x 25', 'A03', 279000),
(10224, 181, 'Samarinda Oven 400 x 3 x 25', 'A04', 3),
(10225, 181, 'Samarinda Oven 400 x 3 x 25', 'A05', 6),
(10226, 182, 'Samarinda Oven 400 x 4 x 25', 'A01', 8),
(10227, 182, 'Samarinda Oven 400 x 4 x 25', 'A02', 0.32),
(10228, 182, 'Samarinda Oven 400 x 4 x 25', 'A03', 372000),
(10229, 182, 'Samarinda Oven 400 x 4 x 25', 'A04', 3),
(10230, 182, 'Samarinda Oven 400 x 4 x 25', 'A05', 7),
(10231, 183, 'Samarinda Oven 400 x 3 x 20', 'A01', 1),
(10232, 183, 'Samarinda Oven 400 x 3 x 20', 'A02', 0.024),
(10233, 183, 'Samarinda Oven 400 x 3 x 20', 'A03', 220800),
(10234, 183, 'Samarinda Oven 400 x 3 x 20', 'A04', 3),
(10235, 183, 'Samarinda Oven 400 x 3 x 20', 'A05', 5),
(10236, 184, 'Samarinda Oven 400 x 3 x 25', 'A01', 1),
(10237, 184, 'Samarinda Oven 400 x 3 x 25', 'A02', 0.03),
(10238, 184, 'Samarinda Oven 400 x 3 x 25', 'A03', 279000),
(10239, 184, 'Samarinda Oven 400 x 3 x 25', 'A04', 3),
(10240, 184, 'Samarinda Oven 400 x 3 x 25', 'A05', 7),
(10241, 185, 'Samarinda Oven 400 x 4 x 20', 'A01', 2),
(10242, 185, 'Samarinda Oven 400 x 4 x 20', 'A02', 0.064),
(10243, 185, 'Samarinda Oven 400 x 4 x 20', 'A03', 294400),
(10244, 185, 'Samarinda Oven 400 x 4 x 20', 'A04', 3),
(10245, 185, 'Samarinda Oven 400 x 4 x 20', 'A05', 7),
(10246, 186, 'Samarinda Oven 400 x 4 x 25', 'A01', 2),
(10247, 186, 'Samarinda Oven 400 x 4 x 25', 'A02', 0.08),
(10248, 186, 'Samarinda Oven 400 x 4 x 25', 'A03', 372000),
(10249, 186, 'Samarinda Oven 400 x 4 x 25', 'A04', 3),
(10250, 186, 'Samarinda Oven 400 x 4 x 25', 'A05', 7),
(10251, 187, 'Samarinda Oven 500 x 4 x 25', 'A01', 3),
(10252, 187, 'Samarinda Oven 500 x 4 x 25', 'A02', 0.15),
(10253, 187, 'Samarinda Oven 500 x 4 x 25', 'A03', 465000),
(10254, 187, 'Samarinda Oven 500 x 4 x 25', 'A04', 3),
(10255, 187, 'Samarinda Oven 500 x 4 x 25', 'A05', 7),
(10256, 188, 'Merbau Oven 400 x 6 x 15', 'A01', 8),
(10257, 188, 'Merbau Oven 400 x 6 x 15', 'A02', 0.288),
(10258, 188, 'Merbau Oven 400 x 6 x 15', 'A03', 795600),
(10259, 188, 'Merbau Oven 400 x 6 x 15', 'A04', 2),
(10260, 188, 'Merbau Oven 400 x 6 x 15', 'A05', 6),
(10261, 189, 'Merbau Basah 240 x 6 x 15', 'A01', 10),
(10262, 189, 'Merbau Basah 240 x 6 x 15', 'A02', 0.216),
(10263, 189, 'Merbau Basah 240 x 6 x 15', 'A03', 466560),
(10264, 189, 'Merbau Basah 240 x 6 x 15', 'A04', 2),
(10265, 189, 'Merbau Basah 240 x 6 x 15', 'A05', 5),
(10266, 190, 'Merbau Basah 400 x 5 x 10', 'A01', 10),
(10267, 190, 'Merbau Basah 400 x 5 x 10', 'A02', 0.2),
(10268, 190, 'Merbau Basah 400 x 5 x 10', 'A03', 444000),
(10269, 190, 'Merbau Basah 400 x 5 x 10', 'A04', 2),
(10270, 190, 'Merbau Basah 400 x 5 x 10', 'A05', 5),
(10271, 191, 'Merbau Basah 90 x 6 x 15', 'A01', 3),
(10272, 191, 'Merbau Basah 90 x 6 x 15', 'A02', 0),
(10273, 191, 'Merbau Basah 90 x 6 x 15', 'A03', 163620),
(10274, 191, 'Merbau Basah 90 x 6 x 15', 'A04', 2),
(10275, 191, 'Merbau Basah 90 x 6 x 15', 'A05', 6),
(10276, 192, 'Merbau Oven 400 x 3 x 25', 'A01', 1),
(10277, 192, 'Merbau Oven 400 x 3 x 25', 'A02', 0.03),
(10278, 192, 'Merbau Oven 400 x 3 x 25', 'A03', 717000),
(10279, 192, 'Merbau Oven 400 x 3 x 25', 'A04', 3),
(10280, 192, 'Merbau Oven 400 x 3 x 25', 'A05', 5);
INSERT INTO `tb_dataset` (`id_dataset`, `nomor`, `ket_dataset`, `id_atribut`, `id_nilai`) VALUES
(10281, 193, 'Samarinda Oven 300 x 6 x 15', 'A01', 4),
(10282, 193, 'Samarinda Oven 300 x 6 x 15', 'A02', 0.108),
(10283, 193, 'Samarinda Oven 300 x 6 x 15', 'A03', 234900),
(10284, 193, 'Samarinda Oven 300 x 6 x 15', 'A04', 2),
(10285, 193, 'Samarinda Oven 300 x 6 x 15', 'A05', 7),
(10286, 194, 'Samarinda Oven 400 x 5 x 25', 'A01', 3),
(10287, 194, 'Samarinda Oven 400 x 5 x 25', 'A02', 0.15),
(10288, 194, 'Samarinda Oven 400 x 5 x 25', 'A03', 475000),
(10289, 194, 'Samarinda Oven 400 x 5 x 25', 'A04', 1),
(10290, 194, 'Samarinda Oven 400 x 5 x 25', 'A05', 6),
(10291, 195, 'Samarinda Oven 400 x 6 x 15', 'A01', 4),
(10292, 195, 'Samarinda Oven 400 x 6 x 15', 'A02', 0.144),
(10293, 195, 'Samarinda Oven 400 x 6 x 15', 'A03', 313200),
(10294, 195, 'Samarinda Oven 400 x 6 x 15', 'A04', 2),
(10295, 195, 'Samarinda Oven 400 x 6 x 15', 'A05', 7),
(10296, 196, 'Samarinda Oven 500 x 4 x 30', 'A01', 1),
(10297, 196, 'Samarinda Oven 500 x 4 x 30', 'A02', 0.06),
(10298, 196, 'Samarinda Oven 500 x 4 x 30', 'A03', 570000),
(10299, 196, 'Samarinda Oven 500 x 4 x 30', 'A04', 3),
(10300, 196, 'Samarinda Oven 500 x 4 x 30', 'A05', 6),
(10301, 197, 'Samarinda Oven 500 x 6 x 12', 'A01', 2),
(10302, 197, 'Samarinda Oven 500 x 6 x 12', 'A02', 0.072),
(10303, 197, 'Samarinda Oven 500 x 6 x 12', 'A03', 331200),
(10304, 197, 'Samarinda Oven 500 x 6 x 12', 'A04', 2),
(10305, 197, 'Samarinda Oven 500 x 6 x 12', 'A05', 5),
(10306, 198, 'Merbau Oven 400 x 6 x 35', 'A01', 2),
(10307, 198, 'Merbau Oven 400 x 6 x 35', 'A02', 0),
(10308, 198, 'Merbau Oven 400 x 6 x 35', 'A03', 2167200),
(10309, 198, 'Merbau Oven 400 x 6 x 35', 'A04', 1),
(10310, 198, 'Merbau Oven 400 x 6 x 35', 'A05', 5),
(10311, 199, 'Samarinda Oven 400 x 3 x 20', 'A01', 2),
(10312, 199, 'Samarinda Oven 400 x 3 x 20', 'A02', 0.048),
(10313, 199, 'Samarinda Oven 400 x 3 x 20', 'A03', 220800),
(10314, 199, 'Samarinda Oven 400 x 3 x 20', 'A04', 3),
(10315, 199, 'Samarinda Oven 400 x 3 x 20', 'A05', 5),
(10316, 200, 'Samarinda Oven 400 x 3 x 30', 'A01', 2),
(10317, 200, 'Samarinda Oven 400 x 3 x 30', 'A02', 0.072),
(10318, 200, 'Samarinda Oven 400 x 3 x 30', 'A03', 342000),
(10319, 200, 'Samarinda Oven 400 x 3 x 30', 'A04', 3),
(10320, 200, 'Samarinda Oven 400 x 3 x 30', 'A05', 7),
(10321, 201, 'Samarinda Oven 400 x 4 x 20', 'A01', 2),
(10322, 201, 'Samarinda Oven 400 x 4 x 20', 'A02', 0.064),
(10323, 201, 'Samarinda Oven 400 x 4 x 20', 'A03', 294400),
(10324, 201, 'Samarinda Oven 400 x 4 x 20', 'A04', 3),
(10325, 201, 'Samarinda Oven 400 x 4 x 20', 'A05', 7),
(10326, 202, 'Samarinda Oven 500 x 6 x 17', 'A01', 3),
(10327, 202, 'Samarinda Oven 500 x 6 x 17', 'A02', 0.153),
(10328, 202, 'Samarinda Oven 500 x 6 x 17', 'A03', 504900),
(10329, 202, 'Samarinda Oven 500 x 6 x 17', 'A04', 2),
(10330, 202, 'Samarinda Oven 500 x 6 x 17', 'A05', 6),
(10331, 203, 'Merbau Oven 250 x 6 x 15', 'A01', 4),
(10332, 203, 'Merbau Oven 250 x 6 x 15', 'A02', 0.09),
(10333, 203, 'Merbau Oven 250 x 6 x 15', 'A03', 508500),
(10334, 203, 'Merbau Oven 250 x 6 x 15', 'A04', 2),
(10335, 203, 'Merbau Oven 250 x 6 x 15', 'A05', 7),
(10336, 204, 'Merbau Oven 400 x 4 x 25', 'A01', 1),
(10337, 204, 'Merbau Oven 400 x 4 x 25', 'A02', 0.04),
(10338, 204, 'Merbau Oven 400 x 4 x 25', 'A03', 956000),
(10339, 204, 'Merbau Oven 400 x 4 x 25', 'A04', 3),
(10340, 204, 'Merbau Oven 400 x 4 x 25', 'A05', 6),
(10341, 205, 'Merbau Oven 500 x 3 x 30', 'A01', 1),
(10342, 205, 'Merbau Oven 500 x 3 x 30', 'A02', 0.045),
(10343, 205, 'Merbau Oven 500 x 3 x 30', 'A03', 1120500),
(10344, 205, 'Merbau Oven 500 x 3 x 30', 'A04', 3),
(10345, 205, 'Merbau Oven 500 x 3 x 30', 'A05', 5),
(10346, 206, 'Merbau Basah 100 x 6 x 15', 'A01', 2),
(10347, 206, 'Merbau Basah 100 x 6 x 15', 'A02', 0.018),
(10348, 206, 'Merbau Basah 100 x 6 x 15', 'A03', 181800),
(10349, 206, 'Merbau Basah 100 x 6 x 15', 'A04', 2),
(10350, 206, 'Merbau Basah 100 x 6 x 15', 'A05', 6),
(10351, 207, 'Merbau Oven 400 x 4 x 25', 'A01', 16),
(10352, 207, 'Merbau Oven 400 x 4 x 25', 'A02', 0.064),
(10353, 207, 'Merbau Oven 400 x 4 x 25', 'A03', 956000),
(10354, 207, 'Merbau Oven 400 x 4 x 25', 'A04', 3),
(10355, 207, 'Merbau Oven 400 x 4 x 25', 'A05', 6),
(10356, 208, 'Samarinda Oven 400 x 3 x 25', 'A01', 15),
(10357, 208, 'Samarinda Oven 400 x 3 x 25', 'A02', 0.45),
(10358, 208, 'Samarinda Oven 400 x 3 x 25', 'A03', 279000),
(10359, 208, 'Samarinda Oven 400 x 3 x 25', 'A04', 3),
(10360, 208, 'Samarinda Oven 400 x 3 x 25', 'A05', 7),
(10361, 209, 'Samarinda Oven 400 x 4 x 25', 'A01', 20),
(10362, 209, 'Samarinda Oven 400 x 4 x 25', 'A02', 0.8),
(10363, 209, 'Samarinda Oven 400 x 4 x 25', 'A03', 372000),
(10364, 209, 'Samarinda Oven 400 x 4 x 25', 'A04', 3),
(10365, 209, 'Samarinda Oven 400 x 4 x 25', 'A05', 7),
(10366, 210, 'Merbau Basah 400 x 5 x 10', 'A01', 6),
(10367, 210, 'Merbau Basah 400 x 5 x 10', 'A02', 0.12),
(10368, 210, 'Merbau Basah 400 x 5 x 10', 'A03', 444000),
(10369, 210, 'Merbau Basah 400 x 5 x 10', 'A04', 2),
(10370, 210, 'Merbau Basah 400 x 5 x 10', 'A05', 5),
(10371, 211, 'Samarinda Oven 400 x 3 x 25', 'A01', 7),
(10372, 211, 'Samarinda Oven 400 x 3 x 25', 'A02', 0.21),
(10373, 211, 'Samarinda Oven 400 x 3 x 25', 'A03', 279000),
(10374, 211, 'Samarinda Oven 400 x 3 x 25', 'A04', 3),
(10375, 211, 'Samarinda Oven 400 x 3 x 25', 'A05', 7),
(10376, 212, 'Samarinda Oven 400 x 4 x 25', 'A01', 6),
(10377, 212, 'Samarinda Oven 400 x 4 x 25', 'A02', 0.24),
(10378, 212, 'Samarinda Oven 400 x 4 x 25', 'A03', 372000),
(10379, 212, 'Samarinda Oven 400 x 4 x 25', 'A04', 3),
(10380, 212, 'Samarinda Oven 400 x 4 x 25', 'A05', 7),
(10381, 213, 'Merbau Oven 350 x 6 x 15', 'A01', 3),
(10382, 213, 'Merbau Oven 350 x 6 x 15', 'A02', 0.0945),
(10383, 213, 'Merbau Oven 350 x 6 x 15', 'A03', 696150),
(10384, 213, 'Merbau Oven 350 x 6 x 15', 'A04', 2),
(10385, 213, 'Merbau Oven 350 x 6 x 15', 'A05', 5),
(10386, 214, 'Merbau Oven 400 x 6 x 15', 'A01', 4),
(10387, 214, 'Merbau Oven 400 x 6 x 15', 'A02', 0.144),
(10388, 214, 'Merbau Oven 400 x 6 x 15', 'A03', 795600),
(10389, 214, 'Merbau Oven 400 x 6 x 15', 'A04', 2),
(10390, 214, 'Merbau Oven 400 x 6 x 15', 'A05', 6),
(10391, 215, 'Merbau Basah 200 x 6 x 15', 'A01', 1),
(10392, 215, 'Merbau Basah 200 x 6 x 15', 'A02', 0.018),
(10393, 215, 'Merbau Basah 200 x 6 x 15', 'A03', 388800),
(10394, 215, 'Merbau Basah 200 x 6 x 15', 'A04', 2),
(10395, 215, 'Merbau Basah 200 x 6 x 15', 'A05', 6),
(10396, 216, 'Merbau Basah 300 x 6 x 15', 'A01', 6),
(10397, 216, 'Merbau Basah 300 x 6 x 15', 'A02', 0.162),
(10398, 216, 'Merbau Basah 300 x 6 x 15', 'A03', 583200),
(10399, 216, 'Merbau Basah 300 x 6 x 15', 'A04', 2),
(10400, 216, 'Merbau Basah 300 x 6 x 15', 'A05', 5),
(10401, 217, 'Samarinda Oven 400 x 3 x 20', 'A01', 5),
(10402, 217, 'Samarinda Oven 400 x 3 x 20', 'A02', 0.12),
(10403, 217, 'Samarinda Oven 400 x 3 x 20', 'A03', 220800),
(10404, 217, 'Samarinda Oven 400 x 3 x 20', 'A04', 3),
(10405, 217, 'Samarinda Oven 400 x 3 x 20', 'A05', 5),
(10406, 218, 'Samarinda Oven 400 x 3 x 25', 'A01', 9),
(10407, 218, 'Samarinda Oven 400 x 3 x 25', 'A02', 0.27),
(10408, 218, 'Samarinda Oven 400 x 3 x 25', 'A03', 279000),
(10409, 218, 'Samarinda Oven 400 x 3 x 25', 'A04', 3),
(10410, 218, 'Samarinda Oven 400 x 3 x 25', 'A05', 7),
(10411, 219, 'Samarinda Oven 400 x 4 x 20', 'A01', 5),
(10412, 219, 'Samarinda Oven 400 x 4 x 20', 'A02', 0.16),
(10413, 219, 'Samarinda Oven 400 x 4 x 20', 'A03', 294400),
(10414, 219, 'Samarinda Oven 400 x 4 x 20', 'A04', 3),
(10415, 219, 'Samarinda Oven 400 x 4 x 20', 'A05', 7),
(10416, 220, 'Samarinda Oven 500 x 4 x 20', 'A01', 1),
(10417, 220, 'Samarinda Oven 500 x 4 x 20', 'A02', 0.04),
(10418, 220, 'Samarinda Oven 500 x 4 x 20', 'A03', 368000),
(10419, 220, 'Samarinda Oven 500 x 4 x 20', 'A04', 3),
(10420, 220, 'Samarinda Oven 500 x 4 x 20', 'A05', 7),
(10421, 221, 'Samarinda Oven 500 x 4 x 25', 'A01', 1),
(10422, 221, 'Samarinda Oven 500 x 4 x 25', 'A02', 0.05),
(10423, 221, 'Samarinda Oven 500 x 4 x 25', 'A03', 465000),
(10424, 221, 'Samarinda Oven 500 x 4 x 25', 'A04', 3),
(10425, 221, 'Samarinda Oven 500 x 4 x 25', 'A05', 7),
(10426, 222, 'Samarinda Oven 400 x 4 x 20', 'A01', 4),
(10427, 222, 'Samarinda Oven 400 x 4 x 20', 'A02', 0.128),
(10428, 222, 'Samarinda Oven 400 x 4 x 20', 'A03', 294400),
(10429, 222, 'Samarinda Oven 400 x 4 x 20', 'A04', 3),
(10430, 222, 'Samarinda Oven 400 x 4 x 20', 'A05', 7),
(10431, 223, 'Merbau Basah 90 x 6 x 15', 'A01', 2),
(10432, 223, 'Merbau Basah 90 x 6 x 15', 'A02', 0.0162),
(10433, 223, 'Merbau Basah 90 x 6 x 15', 'A03', 163620),
(10434, 223, 'Merbau Basah 90 x 6 x 15', 'A04', 2),
(10435, 223, 'Merbau Basah 90 x 6 x 15', 'A05', 6),
(10436, 224, 'Samarinda Oven 250 x 6 x 15', 'A01', 11),
(10437, 224, 'Samarinda Oven 250 x 6 x 15', 'A02', 0.2475),
(10438, 224, 'Samarinda Oven 250 x 6 x 15', 'A03', 207000),
(10439, 224, 'Samarinda Oven 250 x 6 x 15', 'A04', 2),
(10440, 224, 'Samarinda Oven 250 x 6 x 15', 'A05', 7),
(10441, 225, 'Samarinda Oven 400 x 4 x 20', 'A01', 2),
(10442, 225, 'Samarinda Oven 400 x 4 x 20', 'A02', 0.064),
(10443, 225, 'Samarinda Oven 400 x 4 x 20', 'A03', 294400),
(10444, 225, 'Samarinda Oven 400 x 4 x 20', 'A04', 3),
(10445, 225, 'Samarinda Oven 400 x 4 x 20', 'A05', 7),
(10446, 226, 'Samarinda Oven 400 x 6 x 15', 'A01', 2),
(10447, 226, 'Samarinda Oven 400 x 6 x 15', 'A02', 0.072),
(10448, 226, 'Samarinda Oven 400 x 6 x 15', 'A03', 313200),
(10449, 226, 'Samarinda Oven 400 x 6 x 15', 'A04', 2),
(10450, 226, 'Samarinda Oven 400 x 6 x 15', 'A05', 7),
(10451, 227, 'Samarinda Oven 400 x 3 x 25', 'A01', 3),
(10452, 227, 'Samarinda Oven 400 x 3 x 25', 'A02', 0.09),
(10453, 227, 'Samarinda Oven 400 x 3 x 25', 'A03', 279000),
(10454, 227, 'Samarinda Oven 400 x 3 x 25', 'A04', 3),
(10455, 227, 'Samarinda Oven 400 x 3 x 25', 'A05', 7),
(10456, 228, 'Samarinda Oven 400 x 3 x 30', 'A01', 3),
(10457, 228, 'Samarinda Oven 400 x 3 x 30', 'A02', 0.108),
(10458, 228, 'Samarinda Oven 400 x 3 x 30', 'A03', 342000),
(10459, 228, 'Samarinda Oven 400 x 3 x 30', 'A04', 3),
(10460, 228, 'Samarinda Oven 400 x 3 x 30', 'A05', 7),
(10461, 229, 'Samarinda Oven 400 x 4 x 20', 'A01', 4),
(10462, 229, 'Samarinda Oven 400 x 4 x 20', 'A02', 0.128),
(10463, 229, 'Samarinda Oven 400 x 4 x 20', 'A03', 294400),
(10464, 229, 'Samarinda Oven 400 x 4 x 20', 'A04', 3),
(10465, 229, 'Samarinda Oven 400 x 4 x 20', 'A05', 7),
(10466, 230, 'Samarinda Oven 400 x 4 x 25', 'A01', 6),
(10467, 230, 'Samarinda Oven 400 x 4 x 25', 'A02', 0.24),
(10468, 230, 'Samarinda Oven 400 x 4 x 25', 'A03', 372000),
(10469, 230, 'Samarinda Oven 400 x 4 x 25', 'A04', 3),
(10470, 230, 'Samarinda Oven 400 x 4 x 25', 'A05', 7),
(10471, 231, 'Samarinda Oven 400 x 4 x 30', 'A01', 6),
(10472, 231, 'Samarinda Oven 400 x 4 x 30', 'A02', 0.288),
(10473, 231, 'Samarinda Oven 400 x 4 x 30', 'A03', 456000),
(10474, 231, 'Samarinda Oven 400 x 4 x 30', 'A04', 3),
(10475, 231, 'Samarinda Oven 400 x 4 x 30', 'A05', 7),
(10476, 232, 'Samarinda Oven 400 x 6 x 15', 'A01', 10),
(10477, 232, 'Samarinda Oven 400 x 6 x 15', 'A02', 0.36),
(10478, 232, 'Samarinda Oven 400 x 6 x 15', 'A03', 313200),
(10479, 232, 'Samarinda Oven 400 x 6 x 15', 'A04', 2),
(10480, 232, 'Samarinda Oven 400 x 6 x 15', 'A05', 7),
(10481, 233, 'Merbau Basah 400 x 5 x 10', 'A01', 4),
(10482, 233, 'Merbau Basah 400 x 5 x 10', 'A02', 0.08),
(10483, 233, 'Merbau Basah 400 x 5 x 10', 'A03', 444000),
(10484, 233, 'Merbau Basah 400 x 5 x 10', 'A04', 2),
(10485, 233, 'Merbau Basah 400 x 5 x 10', 'A05', 5),
(10486, 234, 'Samarinda Oven 400 x 4 x 20', 'A01', 3),
(10487, 234, 'Samarinda Oven 400 x 4 x 20', 'A02', 0.096),
(10488, 234, 'Samarinda Oven 400 x 4 x 20', 'A03', 294400),
(10489, 234, 'Samarinda Oven 400 x 4 x 20', 'A04', 3),
(10490, 234, 'Samarinda Oven 400 x 4 x 20', 'A05', 7),
(10491, 235, 'Samarinda Oven 500 x 4 x 25', 'A01', 3),
(10492, 235, 'Samarinda Oven 500 x 4 x 25', 'A02', 0.15),
(10493, 235, 'Samarinda Oven 500 x 4 x 25', 'A03', 465000),
(10494, 235, 'Samarinda Oven 500 x 4 x 25', 'A04', 3),
(10495, 235, 'Samarinda Oven 500 x 4 x 25', 'A05', 7),
(10496, 236, 'Merbau Basah 100 x 6 x 15', 'A01', 1),
(10497, 236, 'Merbau Basah 100 x 6 x 15', 'A02', 0.009),
(10498, 236, 'Merbau Basah 100 x 6 x 15', 'A03', 181800),
(10499, 236, 'Merbau Basah 100 x 6 x 15', 'A04', 2),
(10500, 236, 'Merbau Basah 100 x 6 x 15', 'A05', 6),
(10501, 237, 'Merbau Basah 210 x 6 x 15', 'A01', 2),
(10502, 237, 'Merbau Basah 210 x 6 x 15', 'A02', 0.0378),
(10503, 237, 'Merbau Basah 210 x 6 x 15', 'A03', 408240),
(10504, 237, 'Merbau Basah 210 x 6 x 15', 'A04', 2),
(10505, 237, 'Merbau Basah 210 x 6 x 15', 'A05', 5),
(10506, 238, 'Samarinda Oven 400 x 4 x 30', 'A01', 15),
(10507, 238, 'Samarinda Oven 400 x 4 x 30', 'A02', 0.72),
(10508, 238, 'Samarinda Oven 400 x 4 x 30', 'A03', 456000),
(10509, 238, 'Samarinda Oven 400 x 4 x 30', 'A04', 3),
(10510, 238, 'Samarinda Oven 400 x 4 x 30', 'A05', 7),
(10511, 239, 'Samarinda Oven 450 x 6 x 15', 'A01', 14),
(10512, 239, 'Samarinda Oven 450 x 6 x 15', 'A02', 0.567),
(10513, 239, 'Samarinda Oven 450 x 6 x 15', 'A03', 372600),
(10514, 239, 'Samarinda Oven 450 x 6 x 15', 'A04', 2),
(10515, 239, 'Samarinda Oven 450 x 6 x 15', 'A05', 6),
(10516, 240, 'Samarinda Oven 500 x 5 x 15', 'A01', 2),
(10517, 240, 'Samarinda Oven 500 x 5 x 15', 'A02', 0.075),
(10518, 240, 'Samarinda Oven 500 x 5 x 15', 'A03', 360000),
(10519, 240, 'Samarinda Oven 500 x 5 x 15', 'A04', 2),
(10520, 240, 'Samarinda Oven 500 x 5 x 15', 'A05', 7),
(10521, 241, 'Merbau Oven 400 x 4 x 30', 'A01', 5),
(10522, 241, 'Merbau Oven 400 x 4 x 30', 'A02', 0.24),
(10523, 241, 'Merbau Oven 400 x 4 x 30', 'A03', 1183200),
(10524, 241, 'Merbau Oven 400 x 4 x 30', 'A04', 3),
(10525, 241, 'Merbau Oven 400 x 4 x 30', 'A05', 5),
(10526, 242, 'Merbau Oven 400 x 6 x 15', 'A01', 6),
(10527, 242, 'Merbau Oven 400 x 6 x 15', 'A02', 0.216),
(10528, 242, 'Merbau Oven 400 x 6 x 15', 'A03', 804600),
(10529, 242, 'Merbau Oven 400 x 6 x 15', 'A04', 2),
(10530, 242, 'Merbau Oven 400 x 6 x 15', 'A05', 6),
(10531, 243, 'Merbau Basah 500 x 4 x 30', 'A01', 3),
(10532, 243, 'Merbau Basah 500 x 4 x 30', 'A02', 0.18),
(10533, 243, 'Merbau Basah 500 x 4 x 30', 'A03', 1488000),
(10534, 243, 'Merbau Basah 500 x 4 x 30', 'A04', 3),
(10535, 243, 'Merbau Basah 500 x 4 x 30', 'A05', 5),
(10536, 244, 'Samarinda Oven 400 x 4 x 20', 'A01', 4),
(10537, 244, 'Samarinda Oven 400 x 4 x 20', 'A02', 0.128),
(10538, 244, 'Samarinda Oven 400 x 4 x 20', 'A03', 294400),
(10539, 244, 'Samarinda Oven 400 x 4 x 20', 'A04', 3),
(10540, 244, 'Samarinda Oven 400 x 4 x 20', 'A05', 7),
(10541, 245, 'Merbau Oven 300 x 6 x 15', 'A01', 13),
(10542, 245, 'Merbau Oven 300 x 6 x 15', 'A02', 0.351),
(10543, 245, 'Merbau Oven 300 x 6 x 15', 'A03', 594000),
(10544, 245, 'Merbau Oven 300 x 6 x 15', 'A04', 2),
(10545, 245, 'Merbau Oven 300 x 6 x 15', 'A05', 6),
(10546, 246, 'Samarinda Oven 400 x 4 x 20', 'A01', 10),
(10547, 246, 'Samarinda Oven 400 x 4 x 20', 'A02', 0.32),
(10548, 246, 'Samarinda Oven 400 x 4 x 20', 'A03', 294400),
(10549, 246, 'Samarinda Oven 400 x 4 x 20', 'A04', 3),
(10550, 246, 'Samarinda Oven 400 x 4 x 20', 'A05', 7),
(10551, 247, 'Samarinda Oven 400 x 6 x 15', 'A01', 12),
(10552, 247, 'Samarinda Oven 400 x 6 x 15', 'A02', 0.432),
(10553, 247, 'Samarinda Oven 400 x 6 x 15', 'A03', 313200),
(10554, 247, 'Samarinda Oven 400 x 6 x 15', 'A04', 2),
(10555, 247, 'Samarinda Oven 400 x 6 x 15', 'A05', 7),
(10556, 248, 'Samarinda Oven 400 x 4 x 25', 'A01', 1),
(10557, 248, 'Samarinda Oven 400 x 4 x 25', 'A02', 0.04),
(10558, 248, 'Samarinda Oven 400 x 4 x 25', 'A03', 372000),
(10559, 248, 'Samarinda Oven 400 x 4 x 25', 'A04', 3),
(10560, 248, 'Samarinda Oven 400 x 4 x 25', 'A05', 7),
(10561, 249, 'Samarinda Oven 400 x 6 x 12', 'A01', 10),
(10562, 249, 'Samarinda Oven 400 x 6 x 12', 'A02', 0.288),
(10563, 249, 'Samarinda Oven 400 x 6 x 12', 'A03', 250560),
(10564, 249, 'Samarinda Oven 400 x 6 x 12', 'A04', 2),
(10565, 249, 'Samarinda Oven 400 x 6 x 12', 'A05', 7),
(10566, 250, 'Samarinda Oven 400 x 4 x 25', 'A01', 1),
(10567, 250, 'Samarinda Oven 400 x 4 x 25', 'A02', 0.04),
(10568, 250, 'Samarinda Oven 400 x 4 x 25', 'A03', 372000),
(10569, 250, 'Samarinda Oven 400 x 4 x 25', 'A04', 3),
(10570, 250, 'Samarinda Oven 400 x 4 x 25', 'A05', 7),
(10571, 251, 'Samarinda Oven 400 x 5 x 25', 'A01', 3),
(10572, 251, 'Samarinda Oven 400 x 5 x 25', 'A02', 0.15),
(10573, 251, 'Samarinda Oven 400 x 5 x 25', 'A03', 475000),
(10574, 251, 'Samarinda Oven 400 x 5 x 25', 'A04', 1),
(10575, 251, 'Samarinda Oven 400 x 5 x 25', 'A05', 6),
(10576, 252, 'Merbau Oven 250 x 6 x 15', 'A01', 11),
(10577, 252, 'Merbau Oven 250 x 6 x 15', 'A02', 0.2475),
(10578, 252, 'Merbau Oven 250 x 6 x 15', 'A03', 508500),
(10579, 252, 'Merbau Oven 250 x 6 x 15', 'A04', 2),
(10580, 252, 'Merbau Oven 250 x 6 x 15', 'A05', 7),
(10581, 253, 'Merbau Basah 210 x 6 x 15', 'A01', 2),
(10582, 253, 'Merbau Basah 210 x 6 x 15', 'A02', 0.0378),
(10583, 253, 'Merbau Basah 210 x 6 x 15', 'A03', 408240),
(10584, 253, 'Merbau Basah 210 x 6 x 15', 'A04', 2),
(10585, 253, 'Merbau Basah 210 x 6 x 15', 'A05', 5),
(10586, 254, 'Merbau Basah 230 x 6 x 15', 'A01', 6),
(10587, 254, 'Merbau Basah 230 x 6 x 15', 'A02', 0.1242),
(10588, 254, 'Merbau Basah 230 x 6 x 15', 'A03', 447120),
(10589, 254, 'Merbau Basah 230 x 6 x 15', 'A04', 2),
(10590, 254, 'Merbau Basah 230 x 6 x 15', 'A05', 6),
(10591, 255, 'Samarinda Oven 400 x 4 x 25', 'A01', 25),
(10592, 255, 'Samarinda Oven 400 x 4 x 25', 'A02', 1),
(10593, 255, 'Samarinda Oven 400 x 4 x 25', 'A03', 372000),
(10594, 255, 'Samarinda Oven 400 x 4 x 25', 'A04', 3),
(10595, 255, 'Samarinda Oven 400 x 4 x 25', 'A05', 7),
(10596, 256, 'Samarinda Oven 400 x 4 x 30', 'A01', 3),
(10597, 256, 'Samarinda Oven 400 x 4 x 30', 'A02', 0.144),
(10598, 256, 'Samarinda Oven 400 x 4 x 30', 'A03', 456000),
(10599, 256, 'Samarinda Oven 400 x 4 x 30', 'A04', 3),
(10600, 256, 'Samarinda Oven 400 x 4 x 30', 'A05', 7),
(10601, 257, 'Samarinda Oven 450 x 6 x 15', 'A01', 6),
(10602, 257, 'Samarinda Oven 450 x 6 x 15', 'A02', 0.243),
(10603, 257, 'Samarinda Oven 450 x 6 x 15', 'A03', 372600),
(10604, 257, 'Samarinda Oven 450 x 6 x 15', 'A04', 2),
(10605, 257, 'Samarinda Oven 450 x 6 x 15', 'A05', 6),
(10606, 258, 'Merbau Basah 400 x 4 x 6', 'A01', 3),
(10607, 258, 'Merbau Basah 400 x 4 x 6', 'A02', 0.0288),
(10608, 258, 'Merbau Basah 400 x 4 x 6', 'A03', 212160),
(10609, 258, 'Merbau Basah 400 x 4 x 6', 'A04', 3),
(10610, 258, 'Merbau Basah 400 x 4 x 6', 'A05', 5),
(10611, 259, 'Kamper 400 x 4 x 2', 'A01', 2),
(10612, 259, 'Kamper 400 x 4 x 2', 'A02', 0.05),
(10613, 259, 'Kamper 400 x 4 x 2', 'A03', 1365000),
(10614, 259, 'Kamper 400 x 4 x 2', 'A04', 3),
(10615, 259, 'Kamper 400 x 4 x 2', 'A05', 5);

-- --------------------------------------------------------

--
-- Table structure for table `tb_detail_pembelian`
--

CREATE TABLE `tb_detail_pembelian` (
  `id_detail_pembelian` int(11) NOT NULL,
  `no_faktur_pembelian` varchar(45) DEFAULT NULL,
  `id_barang` varchar(45) DEFAULT NULL,
  `harga` double DEFAULT NULL,
  `jumlah` int(11) DEFAULT NULL,
  `total` double DEFAULT NULL
) ENGINE=InnoDB DEFAULT CHARSET=latin1;

--
-- Dumping data for table `tb_detail_pembelian`
--

INSERT INTO `tb_detail_pembelian` (`id_detail_pembelian`, `no_faktur_pembelian`, `id_barang`, `harga`, `jumlah`, `total`) VALUES
(16, 'INV-FPB-0001', 'B00001', 787500, 3, 2362500),
(17, 'INV-FPB-0002', 'B00001', 787500, 20, 15750000),
(18, 'INV-FPB-0003', 'B00002', 320000, 30, 9600000),
(19, 'INV-FPB-0004', 'B00004', 10656, 45, 479520),
(20, 'INV-FPB-0005', 'B00006', 41472, 6, 248832),
(21, 'INV-FPB-0006', 'B00005', 22680, 35, 793800),
(22, 'INV-FPB-0007', 'B00007', 33075, 25, 826875),
(23, 'INV-FPB-0008', 'B00012', 13708.800000000001, 40, 548352),
(24, 'INV-FPB-0009', 'B00013', 31622.399999999998, 50, 1581120),
(25, 'INV-FPB-0010', 'B00015', 5678.400000000001, 5, 28392),
(26, 'INV-FPB-0011', 'B00009', 11441.25, 5, 57206.25),
(27, 'INV-FPB-0012', 'B00002', 320000, 5, 1600000);

-- --------------------------------------------------------

--
-- Table structure for table `tb_detail_penjualan`
--

CREATE TABLE `tb_detail_penjualan` (
  `id_detail_penjualan` int(11) NOT NULL,
  `no_faktur_penjualan` varchar(45) DEFAULT NULL,
  `id_barang` varchar(45) DEFAULT NULL,
  `harga` double DEFAULT NULL,
  `jumlah` int(11) DEFAULT NULL,
  `total` double DEFAULT NULL
) ENGINE=InnoDB DEFAULT CHARSET=latin1;

--
-- Dumping data for table `tb_detail_penjualan`
--

INSERT INTO `tb_detail_penjualan` (`id_detail_penjualan`, `no_faktur_penjualan`, `id_barang`, `harga`, `jumlah`, `total`) VALUES
(5, 'INV-FPJ-0001', 'B00001', 787500, 4, 3150000),
(6, 'INV-FPJ-0002', 'B00001', 787500, 3, 2362500),
(7, 'INV-FPJ-0002', 'B00002', 320000, 10, 3200000),
(8, 'INV-FPJ-0004', 'B00001', 787500, 2, 1575000),
(9, 'INV-FPJ-0005', 'B00007', 33075, 1, 33075),
(10, 'INV-FPJ-0006', 'B00007', 33075, 20, 661500),
(11, 'INV-FPJ-0006', 'B00006', 41472, 20, 829440),
(12, 'INV-FPJ-0007', 'B00012', 13708.800000000001, 2, 27417.6),
(13, 'INV-FPJ-0007', 'B00001', 787500, 2, 1575000),
(14, 'INV-FPJ-0007', 'B00001', 787500, 2, 1575000),
(15, 'INV-FPJ-0008', 'B00001', 787500, 2, 1575000),
(16, 'INV-FPJ-0008', 'B00002', 320000, 2, 640000),
(17, 'INV-FPJ-0010', 'B00004', 10656, 3, 31968),
(18, 'INV-FPJ-0011', 'B00002', 320000, 1, 320000),
(19, 'INV-FPJ-0012', 'B00005', 22680, 5, 113400),
(20, 'INV-FPJ-0013', 'B00005', 22680, 3, 68040),
(21, 'INV-FPJ-0014', 'B00006', 41472, 4, 165888),
(22, 'INV-FPJ-0015', 'B00007', 33075, 7, 231525),
(23, 'INV-FPJ-0016', 'B00010', 32529.6, 6, 195177.6),
(24, 'INV-FPJ-0017', 'B00017', 87840, 4, 351360),
(25, 'INV-FPJ-0018', 'B00013', 31622.399999999998, 2, 63244.8),
(26, 'INV-FPJ-0019', 'B00012', 13708.800000000001, 5, 68544),
(27, 'INV-FPJ-0020', 'B00013', 31622.399999999998, 4, 126489.6),
(28, 'INV-FPJ-0021', 'B00014', 8697.599999999999, 6, 52185.6),
(29, 'INV-FPJ-0022', 'B00032', 1626.8, 2, 3253.6),
(30, 'INV-FPJ-0023', 'B00002', 320000, 1, 320000),
(31, 'INV-FPJ-0024', 'B00002', 1000, 2, 2000),
(32, 'INV-FPJ-0024', 'B00007', 50000000, 1, 50000000);

-- --------------------------------------------------------

--
-- Table structure for table `tb_nilai`
--

CREATE TABLE `tb_nilai` (
  `id_nilai` int(11) NOT NULL,
  `id_atribut` varchar(255) NOT NULL,
  `nama_nilai` varchar(255) NOT NULL,
  `bobot` double DEFAULT NULL
) ENGINE=InnoDB DEFAULT CHARSET=latin1;

--
-- Dumping data for table `tb_nilai`
--

INSERT INTO `tb_nilai` (`id_nilai`, `id_atribut`, `nama_nilai`, `bobot`) VALUES
(1, 'A04', 'Balken', 30),
(2, 'A04', 'Balok', 20),
(3, 'A04', 'Papan', 25),
(4, 'A04', 'Kaso', 15),
(5, 'A05', 'Kurang Laris', 10),
(6, 'A05', 'Cukup Laris', 20),
(7, 'A05', 'Sangat Laris', 40);

-- --------------------------------------------------------

--
-- Table structure for table `tb_pembelian`
--

CREATE TABLE `tb_pembelian` (
  `no_faktur_pembelian` varchar(45) NOT NULL,
  `tanggal_pembelian` date DEFAULT NULL,
  `grandtotal` double DEFAULT NULL
) ENGINE=InnoDB DEFAULT CHARSET=latin1;

--
-- Dumping data for table `tb_pembelian`
--

INSERT INTO `tb_pembelian` (`no_faktur_pembelian`, `tanggal_pembelian`, `grandtotal`) VALUES
('INV-FPB-0001', '2021-07-06', 2362500),
('INV-FPB-0002', '2021-07-02', 15750000),
('INV-FPB-0003', '2021-07-03', 9600000),
('INV-FPB-0004', '2021-07-04', 479520),
('INV-FPB-0005', '2021-07-05', 248832),
('INV-FPB-0006', '2021-07-06', 793800),
('INV-FPB-0007', '2021-07-06', 826875),
('INV-FPB-0008', '2021-07-07', 548352),
('INV-FPB-0009', '2021-07-07', 1581120),
('INV-FPB-0010', '2021-07-07', 28392),
('INV-FPB-0011', '2021-07-08', 57206.25),
('INV-FPB-0012', '2021-07-29', 1600000);

-- --------------------------------------------------------

--
-- Table structure for table `tb_penjualan`
--

CREATE TABLE `tb_penjualan` (
  `no_faktur_penjualan` varchar(45) NOT NULL,
  `tanggal_penjualan` date DEFAULT NULL,
  `grandtotal` double DEFAULT NULL
) ENGINE=InnoDB DEFAULT CHARSET=latin1;

--
-- Dumping data for table `tb_penjualan`
--

INSERT INTO `tb_penjualan` (`no_faktur_penjualan`, `tanggal_penjualan`, `grandtotal`) VALUES
('INV-FPJ-0001', '2021-07-04', 3150000),
('INV-FPJ-0002', '2021-07-04', 5562500),
('INV-FPJ-0007', '2021-07-15', 1575000),
('INV-FPJ-0008', '2021-07-05', 2215000),
('INV-FPJ-0010', '2021-07-05', 31968),
('INV-FPJ-0011', '2021-07-05', 320000),
('INV-FPJ-0012', '2021-07-06', 113400),
('INV-FPJ-0013', '2021-07-06', 68040),
('INV-FPJ-0014', '2021-07-06', 165888),
('INV-FPJ-0015', '2021-07-06', 231525),
('INV-FPJ-0016', '2021-07-07', 195177.6),
('INV-FPJ-0017', '2021-07-07', 351360),
('INV-FPJ-0018', '2021-07-08', 63244.8),
('INV-FPJ-0019', '2021-07-07', 68544),
('INV-FPJ-0020', '2021-07-08', 126489.6),
('INV-FPJ-0021', '2021-07-09', 52185.6),
('INV-FPJ-0022', '2021-07-10', 3253.6),
('INV-FPJ-0023', '2021-07-29', 320000),
('INV-FPJ-0024', '2021-08-06', 50002000);

--
-- Indexes for dumped tables
--

--
-- Indexes for table `tb_admin`
--
ALTER TABLE `tb_admin`
  ADD PRIMARY KEY (`user`);

--
-- Indexes for table `tb_atribut`
--
ALTER TABLE `tb_atribut`
  ADD PRIMARY KEY (`id_atribut`);

--
-- Indexes for table `tb_barang`
--
ALTER TABLE `tb_barang`
  ADD PRIMARY KEY (`id_barang`);

--
-- Indexes for table `tb_dataset`
--
ALTER TABLE `tb_dataset`
  ADD PRIMARY KEY (`id_dataset`);

--
-- Indexes for table `tb_detail_pembelian`
--
ALTER TABLE `tb_detail_pembelian`
  ADD PRIMARY KEY (`id_detail_pembelian`);

--
-- Indexes for table `tb_detail_penjualan`
--
ALTER TABLE `tb_detail_penjualan`
  ADD PRIMARY KEY (`id_detail_penjualan`);

--
-- Indexes for table `tb_nilai`
--
ALTER TABLE `tb_nilai`
  ADD PRIMARY KEY (`id_nilai`);

--
-- Indexes for table `tb_pembelian`
--
ALTER TABLE `tb_pembelian`
  ADD PRIMARY KEY (`no_faktur_pembelian`);

--
-- Indexes for table `tb_penjualan`
--
ALTER TABLE `tb_penjualan`
  ADD PRIMARY KEY (`no_faktur_penjualan`);

--
-- AUTO_INCREMENT for dumped tables
--

--
-- AUTO_INCREMENT for table `tb_dataset`
--
ALTER TABLE `tb_dataset`
  MODIFY `id_dataset` int(11) NOT NULL AUTO_INCREMENT, AUTO_INCREMENT=10616;

--
-- AUTO_INCREMENT for table `tb_detail_pembelian`
--
ALTER TABLE `tb_detail_pembelian`
  MODIFY `id_detail_pembelian` int(11) NOT NULL AUTO_INCREMENT, AUTO_INCREMENT=28;

--
-- AUTO_INCREMENT for table `tb_detail_penjualan`
--
ALTER TABLE `tb_detail_penjualan`
  MODIFY `id_detail_penjualan` int(11) NOT NULL AUTO_INCREMENT, AUTO_INCREMENT=33;

--
-- AUTO_INCREMENT for table `tb_nilai`
--
ALTER TABLE `tb_nilai`
  MODIFY `id_nilai` int(11) NOT NULL AUTO_INCREMENT, AUTO_INCREMENT=8;
COMMIT;

/*!40101 SET CHARACTER_SET_CLIENT=@OLD_CHARACTER_SET_CLIENT */;
/*!40101 SET CHARACTER_SET_RESULTS=@OLD_CHARACTER_SET_RESULTS */;
/*!40101 SET COLLATION_CONNECTION=@OLD_COLLATION_CONNECTION */;
